config;iteration;temps;temperature;cout;meilleur;lits_moyen;lits_ecart_type;lits_pic;lits_min;variation_nuit_a_nuit;nuits_hors_2lits_pct;ecart_cible_lits;lits_weekend;lits_semaine;ratio_weekend_semaine;lits_vacances;lits_hors_vacances;ambu_ecart_type;ambu_pic;bloc_remplissage_pct;bloc_heures_perdues;vacations_ouvertes;decalage_moyen_j;patients_deplaces_pct;patients_sans_creneau;depassement_min;violations
T0 = 0,1;500;0.500005500001862;8.627978547622306e-05;0.955127773347693;0.955127773347693;;;;;;;;;;;;;;;;;;;;;;
T0 = 0,1;1000;0.5780861999992339;8.41442532053094e-05;0.9107948598286927;0.9107948598286927;;;;;;;;;;;;;;;;;;;;;;
T0 = 0,1;1500;0.6357439999992494;8.206157802084932e-05;0.8673113128888199;0.8673113128888199;;;;;;;;;;;;;;;;;;;;;;
T0 = 0,1;2000;0.6916870000022755;8.003045164404676e-05;0.8470507979348967;0.8470507979348967;;;;;;;;;;;;;;;;;;;;;;
T0 = 0,1;2500;0.7458710999999312;7.804959817763713e-05;0.8168424664044636;0.8168424664044636;;;;;;;;;;;;;;;;;;;;;;
T0 = 0,1;3000;0.8450976999993145;7.611777330440397e-05;0.798682747940045;0.798592397901084;;;;;;;;;;;;;;;;;;;;;;
T0 = 0,1;3500;0.9031162999999651;7.423376350553351e-05;0.7790861567441891;0.7790861567441891;;;;;;;;;;;;;;;;;;;;;;
T0 = 0,1;4000;0.954170900000463;7.23963852983157e-05;0.7623852006323684;0.7623852006323684;;;;;;;;;;;;;;;;;;;;;;
T0 = 0,1;4500;1.0129493999993429;7.060448449271323e-05;0.7515468734719661;0.7515468734719661;;;;;;;;;;;;;;;;;;;;;;
T0 = 0,1;5000;1.0704217000020435;6.885693546633133e-05;0.728009402268567;0.7276556543579022;12.097142857142858;4.385266612796321;20;0;3.293103448275862;65.14285714285714;4.002101450618804;9.973333333333333;13.69;0.7285122960798637;9.972222222222221;12.647482014388489;2.1965132474009317;13;81.36550506304665;1125.6166666666666;738;-0.2914798206278027;35.26100307062436;0;0;0
T0 = 0,1;5500;1.1279600000016217;6.715264045733305e-05;0.7184517043049782;0.7183197447735143;;;;;;;;;;;;;;;;;;;;;;
T0 = 0,1;6000;1.1864564999996219;6.549052887485564e-05;0.703544651794983;0.703544651794983;;;;;;;;;;;;;;;;;;;;;;
T0 = 0,1;6500;1.2950789999995322;6.386955662649512e-05;0.6924097717145336;0.6923193136253762;;;;;;;;;;;;;;;;;;;;;;
T0 = 0,1;7000;1.3761426000019128;6.228870546243636e-05;0.6800006631868256;0.6800006631868256;;;;;;;;;;;;;;;;;;;;;;
T0 = 0,1;7500;1.4443595000011555;6.0746982335816793e-05;0.6727007418084876;0.6727007418084876;;;;;;;;;;;;;;;;;;;;;;
T0 = 0,1;8000;1.4954711999998835;5.924341877892189e-05;0.6661465338526192;0.6661465338526192;;;;;;;;;;;;;;;;;;;;;;
T0 = 0,1;8500;1.6458381000011286;5.7777070294820636e-05;0.6542330121801059;0.6542330121801059;;;;;;;;;;;;;;;;;;;;;;
T0 = 0,1;9000;1.7543611000000965;5.6347015764058754e-05;0.643376699831634;0.643376699831634;;;;;;;;;;;;;;;;;;;;;;
T0 = 0,1;9500;1.810756200000469;5.495235686603694e-05;0.6354671711061369;0.6354671711061368;;;;;;;;;;;;;;;;;;;;;;
T0 = 0,1;10000;1.868294200001401;5.3592217514710824e-05;0.630600769225562;0.630600769225562;12.102857142857143;4.128056319818303;20;0;3.028735632183908;58.857142857142854;3.5916682026200895;10.026666666666667;13.66;0.7340165934602245;9.36111111111111;12.81294964028777;1.8458081476827557;12;83.11030384951141;999.6166666666667;722;-0.36078271504280474;53.22415557830092;0;0;0
T0 = 0,1;10500;1.9205963000022166;5.226574330825804e-05;0.6235973915968853;0.6235973915968853;;;;;;;;;;;;;;;;;;;;;;
T0 = 0,1;11000;1.9781468000001041;5.0972100992366636e-05;0.61461972938889;0.6146197293888899;;;;;;;;;;;;;;;;;;;;;;
T0 = 0,1;11500;2.0314656000009563;4.971047793680785e-05;0.6104809979299338;0.6104809979299338;;;;;;;;;;;;;;;;;;;;;;
T0 = 0,1;12000;2.081984600001306;4.848008162496433e-05;0.603156679826442;0.603156679826442;;;;;;;;;;;;;;;;;;;;;;
T0 = 0,1;12500;2.169744599999831;4.728013915599318e-05;0.5992714124330392;0.5992714124330392;;;;;;;;;;;;;;;;;;;;;;
T0 = 0,1;13000;2.223134100000607;4.610989675931109e-05;0.5936896820817772;0.5936896820817772;;;;;;;;;;;;;;;;;;;;;;
T0 = 0,1;13500;2.2729460000009567;4.496861932109653e-05;0.5835237618237636;0.5835237618237636;;;;;;;;;;;;;;;;;;;;;;
T0 = 0,1;14000;2.325427399999171;4.385558992251164e-05;0.5755158719018094;0.5755158719018094;;;;;;;;;;;;;;;;;;;;;;
T0 = 0,1;14500;2.385478200001671;4.277010938935374e-05;0.5715649369507633;0.5715649369507633;;;;;;;;;;;;;;;;;;;;;;
T0 = 0,1;15000;2.439647999999579;4.1711495852853434e-05;0.569671523125369;0.569671523125369;12.057142857142857;3.818323170808712;19;1;2.7701149425287355;58.285714285714285;3.2663416639796727;10.16;13.48;0.7537091988130563;9.277777777777779;12.776978417266188;1.6368644362640723;11;83.8182850653038;949.8666666666667;717;-0.4349775784753363;62.28249744114637;0;0;0
T0 = 0,1;15500;2.50093840000045;4.067908432134357e-05;0.5674483818428371;0.5674483818428371;;;;;;;;;;;;;;;;;;;;;;
T0 = 0,1;16000;2.5728708999995433;3.9672226262529934e-05;0.5645937338274625;0.5645766748032387;;;;;;;;;;;;;;;;;;;;;;
T0 = 0,1;16500;2.692238899999211;3.8690289196101213e-05;0.5602856449943788;0.5602856449943788;;;;;;;;;;;;;;;;;;;;;;
T0 = 0,1;17000;2.7527980000013486;3.773265629642246e-05;0.5593495042652529;0.5593495042652529;;;;;;;;;;;;;;;;;;;;;;
T0 = 0,1;17500;2.824179899998853;3.6798726005062264e-05;0.557656661544508;0.557656661544508;;;;;;;;;;;;;;;;;;;;;;
T0 = 0,1;18000;2.891970200002106;3.588791165291048e-05;0.5547903268794656;0.5547903268794656;;;;;;;;;;;;;;;;;;;;;;
T0 = 0,1;18500;2.950480499999685;3.499964109164895e-05;0.5513183280429756;0.5513183280429756;;;;;;;;;;;;;;;;;;;;;;
T0 = 0,1;19000;3.003382999999303;3.413335633434378e-05;0.5470414171442487;0.5470414171442487;;;;;;;;;;;;;;;;;;;;;;
T0 = 0,1;19500;3.1196435000019846;3.328851320493342e-05;0.5435889607049919;0.5435889607049919;;;;;;;;;;;;;;;;;;;;;;
T0 = 0,1;20000;3.1766905000004044;3.246458099639239e-05;0.5426167323298186;0.5426167323298186;12.06857142857143;3.7103539629814626;18;1;2.5517241379310347;60.57142857142857;3.1516103413894085;10.226666666666667;13.45;0.7603469640644362;9.277777777777779;12.79136690647482;1.5271600258943299;10;84.53806292765324;900.1166666666667;712;-0.5405625764370159;67.09314227226203;0;0;0
T0 = 0,1;20500;3.2384289000001445;3.16610421373558e-05;0.5388617511510858;0.5388617511510858;;;;;;;;;;;;;;;;;;;;;;
T0 = 0,1;21000;3.294821300001786;3.087739186699539e-05;0.5368032171327967;0.5368032171327967;;;;;;;;;;;;;;;;;;;;;;
T0 = 0,1;21500;3.354396300001099;3.011313791794278e-05;0.5348083380521598;0.5348083380521598;;;;;;;;;;;;;;;;;;;;;;
T0 = 0,1;22000;3.410266099999717;2.9367800207060748e-05;0.5327834697442471;0.5327834697442471;;;;;;;;;;;;;;;;;;;;;;
T0 = 0,1;22500;3.471826000000874;2.8640910533868335e-05;0.5311188858072978;0.5311188858072978;;;;;;;;;;;;;;;;;;;;;;
T0 = 0,1;23000;3.6650869000004604;2.793201228643027e-05;0.5291970304783224;0.5291970304783224;;;;;;;;;;;;;;;;;;;;;;
T0 = 0,1;23500;3.7427343999988807;2.7240660154526012e-05;0.528230766741741;0.528230766741741;;;;;;;;;;;;;;;;;;;;;;
T0 = 0,1;24000;3.790902200002165;2.6566419849918235e-05;0.5248625635392856;0.5248625635392856;;;;;;;;;;;;;;;;;;;;;;
T0 = 0,1;24500;3.843912200001796;2.590886783354499e-05;0.5224018378542423;0.5224018378542423;;;;;;;;;;;;;;;;;;;;;;
T0 = 0,1;25000;3.905771300000197;2.5267591049464204e-05;0.5214964448882627;0.5214964448882627;12.051428571428572;3.6336028109515635;17;1;2.4367816091954024;58.285714285714285;2.9989582794101306;10.16;13.47;0.7542687453600594;9.083333333333334;12.820143884892087;1.4942002485936559;10;84.86005747126437;878.1166666666667;710;-0.694659600489197;71.39201637666325;0;0;0
T0 = 0,1;25500;3.9597658999991836;2.4642186665383412e-05;0.5204226451401626;0.5204226451401626;;;;;;;;;;;;;;;;;;;;;;
T0 = 0,1;26000;4.068427700000029;2.4032261819611665e-05;0.5180093503915406;0.5180093503915406;;;;;;;;;;;;;;;;;;;;;;
T0 = 0,1;26500;4.118606300002284;2.343743337427472e-05;0.5172887246989034;0.5172887246989034;;;;;;;;;;;;;;;;;;;;;;
T0 = 0,1;27000;4.173175300002185;2.2857327674638438e-05;0.5157372418317872;0.5157372418317872;;;;;;;;;;;;;;;;;;;;;;
T0 = 0,1;27500;4.232831799999985;2.2291580314389262e-05;0.5093239174810484;0.5093239174810484;;;;;;;;;;;;;;;;;;;;;;
T0 = 0,1;28000;4.283997000002273;2.1739835906724264e-05;0.5073298416093321;0.5073298416093321;;;;;;;;;;;;;;;;;;;;;;
T0 = 0,1;28500;4.33351550000225;2.120174786110701e-05;0.5050691409930939;0.5050691409930939;;;;;;;;;;;;;;;;;;;;;;
T0 = 0,1;29000;4.382780399999319;2.067697816554899e-05;0.5040365756975864;0.5040365756975864;;;;;;;;;;;;;;;;;;;;;;
T0 = 0,1;29500;4.48231510000187;2.0165197174279888e-05;0.5025566072361627;0.5025429600167838;;;;;;;;;;;;;;;;;;;;;;
T0 = 0,1;30000;4.540314500001841;1.9666083400673216e-05;0.5013790504171431;0.5013790504171431;11.982857142857142;3.456628060844905;17;1;2.413793103448276;54.285714285714285;2.8750874334355196;10.106666666666667;13.39;0.7547921334329102;9.333333333333334;12.66906474820144;1.4260928667849913;10;85.0372865739541;866.1166666666667;708;-0.9841011006930289;72.46673490276356;0;0;0
T0 = 0,1;30500;4.600536900001316;1.9179323315297356e-05;0.5007226143713108;0.5007226143713108;;;;;;;;;;;;;;;;;;;;;;
T0 = 0,1;31000;4.64466800000082;1.8704611148965052e-05;0.4977027570042155;0.49769593339452595;;;;;;;;;;;;;;;;;;;;;;
T0 = 0,1;31500;4.722895900002186;1.8241648700657688e-05;0.49486822141943965;0.49486822141943965;;;;;;;;;;;;;;;;;;;;;;
T0 = 0,1;32000;4.780273799999122;1.779014515020368e-05;0.49419999006997917;0.49419999006997917;;;;;;;;;;;;;;;;;;;;;;
T0 = 0,1;32500;4.967934700001933;1.7349816875593314e-05;0.49342342505354575;0.49342342505354575;;;;;;;;;;;;;;;;;;;;;;
T0 = 0,1;33000;5.039706700001261;1.6920387274815245e-05;0.4933613870655523;0.4933613870655523;;;;;;;;;;;;;;;;;;;;;;
T0 = 0,1;33500;5.121686599999521;1.6501586592102806e-05;0.4923721272022378;0.4923721272022378;;;;;;;;;;;;;;;;;;;;;;
T0 = 0,1;34000;5.174664699999994;1.6093151748480914e-05;0.49183995993849117;0.49183995993849117;;;;;;;;;;;;;;;;;;;;;;
T0 = 0,1;34500;5.256280900001002;1.5694826176507137e-05;0.4897948604576159;0.4897948604576159;;;;;;;;;;;;;;;;;;;;;;
T0 = 0,1;35000;5.310603500001889;1.5306359659103147e-05;0.48950532217134;0.48950532217134;11.977142857142857;3.382229671536279;17;1;2.4022988505747125;49.142857142857146;2.790509340159765;10.16;13.34;0.7616191904047976;9.277777777777779;12.676258992805755;1.402720628712537;11;85.33772462009591;845.8666666666667;705;-1.040766408479413;75.69089048106449;0;0;0
T0 = 0,1;35500;5.404365400001552;1.492750817237531e-05;0.4864557486574166;0.4864557486574166;;;;;;;;;;;;;;;;;;;;;;
T0 = 0,1;36000;5.453989599998749;1.4558033732325622e-05;0.48537153708191927;0.48537153708191927;;;;;;;;;;;;;;;;;;;;;;
T0 = 0,1;36500;5.5187908000007155;1.4197704245356758e-05;0.4838819811078171;0.4838819811078171;;;;;;;;;;;;;;;;;;;;;;
T0 = 0,1;37000;5.695505700001377;1.3846293362477329e-05;0.48215412205847075;0.48215412205847075;;;;;;;;;;;;;;;;;;;;;;
T0 = 0,1;37500;5.765463499999896;1.3503580337115709e-05;0.4775618517118744;0.4775618517118744;;;;;;;;;;;;;;;;;;;;;;
T0 = 0,1;38000;5.865083900000172;1.3169349886453163e-05;0.4771295863180449;0.4771295863180449;;;;;;;;;;;;;;;;;;;;;;
T0 = 0,1;38500;5.916059800001676;1.2843392056189153e-05;0.47689878738624525;0.4768150428368499;;;;;;;;;;;;;;;;;;;;;;
T0 = 0,1;39000;5.965239799999836;1.2525502088653864e-05;0.4753970060348959;0.4753970060348959;;;;;;;;;;;;;;;;;;;;;;
T0 = 0,1;39500;6.021458300001541;1.221548029418512e-05;0.47461695418132244;0.47461695418132244;;;;;;;;;;;;;;;;;;;;;;
T0 = 0,1;40000;6.0661808000004385;1.1913131925688873e-05;0.47377622310539347;0.47377622310539347;11.948571428571428;3.2989497401074637;17;2;2.2988505747126435;48.57142857142857;2.681556998686348;10.12;13.32;0.7597597597597597;9.222222222222221;12.654676258992806;1.3547670490741268;10;85.56144466649289;830.8666666666667;703;-1.1055849979616796;78.30092118730809;0;0;0
T0 = 0,1;40500;6.116560800001025;1.1618267056304475e-05;0.4731863406928708;0.4731863406928708;;;;;;;;;;;;;;;;;;;;;;
T0 = 0,1;41000;6.169187800001964;1.1330700460097897e-05;0.472560798240086;0.472560798240086;;;;;;;;;;;;;;;;;;;;;;
T0 = 0,1;41500;6.216792400002305;1.105025149570793e-05;0.471516339837475;0.47151457114562734;;;;;;;;;;;;;;;;;;;;;;
T0 = 0,1;42000;6.315257599999313;1.0776743992872292e-05;0.4699156455518119;0.4699112844845479;;;;;;;;;;;;;;;;;;;;;;
T0 = 0,1;42500;6.374883899999986;1.0510006141762359e-05;0.46894637971116926;0.46894637971116926;;;;;;;;;;;;;;;;;;;;;;
T0 = 0,1;43000;6.421907399999327;1.0249870385056986e-05;0.4688883790288083;0.4688883790288083;;;;;;;;;;;;;;;;;;;;;;
T0 = 0,1;43500;6.4739709999994375;9.996173312687658e-06;0.468637753666053;0.46863513630735754;;;;;;;;;;;;;;;;;;;;;;
T0 = 0,1;44000;6.525418799999898;9.748755559188801e-06;0.4671973463842852;0.4671973463842852;;;;;;;;;;;;;;;;;;;;;;
T0 = 0,1;44500;6.5746617000004335;9.507461703588826e-06;0.46522635073202157;0.46522635073202157;;;;;;;;;;;;;;;;;;;;;;
T0 = 0,1;45000;6.625106700001197;9.272140171778981e-06;0.4632706484295832;0.4632706484295832;11.942857142857143;3.167178619554518;17;2;2.1724137931034484;46.285714285714285;2.594617743113208;10.133333333333333;13.3;0.7619047619047619;9.444444444444445;12.589928057553957;1.3612049447876553;10;85.87293283343506;810.1166666666667;700;-1.138605788830004;79.58034800409416;0;0;0
T0 = 0,1;45500;6.671104500001093;9.042643141298699e-06;0.4629342217127681;0.4629342217127682;;;;;;;;;;;;;;;;;;;;;;
T0 = 0,1;46000;6.742786400001933;8.818826448477629e-06;0.4617100087718198;0.4617100087718198;;;;;;;;;;;;;;;;;;;;;;
T0 = 0,5 (référence);500;0.5740482000001066;0.00043139892738111525;0.9592354520528936;0.9589158629224181;;;;;;;;;;;;;;;;;;;;;;
T0 = 0,5 (référence);1000;0.6441560999992362;0.00042072126602654697;0.920514957912298;0.920514957912298;;;;;;;;;;;;;;;;;;;;;;
T0 = 0,5 (référence);1500;0.8356869999988703;0.0004103078901042466;0.8743108597262478;0.8737772740085309;;;;;;;;;;;;;;;;;;;;;;
T0 = 0,5 (référence);2000;0.8932789999998931;0.0004001522582202338;0.8518885917417085;0.8518885917417085;;;;;;;;;;;;;;;;;;;;;;
T0 = 0,5 (référence);2500;0.9469927999998617;0.0003902479908881856;0.8254348017844475;0.8254348017844475;;;;;;;;;;;;;;;;;;;;;;
T0 = 0,5 (référence);3000;1.0019947000000684;0.00038058886652201984;0.8061248421459905;0.8061127454983351;;;;;;;;;;;;;;;;;;;;;;
T0 = 0,5 (référence);3500;1.0624486999986402;0.00037116881752766753;0.7904947504078526;0.7904947504078526;;;;;;;;;;;;;;;;;;;;;;
T0 = 0,5 (référence);4000;1.114754999998695;0.0003619819264915785;0.7716721993608671;0.7716721993608671;;;;;;;;;;;;;;;;;;;;;;
T0 = 0,5 (référence);4500;1.1706725000003644;0.0003530224224635661;0.7546523579025579;0.7546523579025579;;;;;;;;;;;;;;;;;;;;;;
T0 = 0,5 (référence);5000;1.2686077999969712;0.0003442846773316566;0.7358581694256795;0.7351188803791271;12.062857142857142;4.357134426221352;20;1;3.32183908045977;64.57142857142857;4.013605547280237;9.92;13.67;0.7256766642282371;10.166666666666666;12.553956834532373;2.3204162711319545;14;81.91773593290007;1085.1166666666666;734;-0.1732572360375051;36.949846468781985;0;0;0
T0 = 0,5 (référence);5500;1.456856400000106;0.00033576320228666516;0.7190189423229894;0.7178909536153898;;;;;;;;;;;;;;;;;;;;;;
T0 = 0,5 (référence);6000;1.510581299997284;0.00032745264437427805;0.7069611290019724;0.7069611290019724;;;;;;;;;;;;;;;;;;;;;;
T0 = 0,5 (référence);6500;1.563142599999992;0.0003193477831324754;0.6939322538520911;0.6936667144136835;;;;;;;;;;;;;;;;;;;;;;
T0 = 0,5 (référence);7000;1.62668279999707;0.00031144352731218156;0.6838769831554842;0.6828660692300825;;;;;;;;;;;;;;;;;;;;;;
T0 = 0,5 (référence);7500;1.7211061999987578;0.0003037349116790837;0.6752832493666159;0.6748868124643546;;;;;;;;;;;;;;;;;;;;;;
T0 = 0,5 (référence);8000;1.7778185999995912;0.0002962170938946092;0.6642445840345663;0.6638157239716558;;;;;;;;;;;;;;;;;;;;;;
T0 = 0,5 (référence);8500;1.8319926000003761;0.000288885351474103;0.6559876291568938;0.6559876291568938;;;;;;;;;;;;;;;;;;;;;;
T0 = 0,5 (référence);9000;1.8826169999992999;0.0002817350788202935;0.65003285509582;0.6500247834901768;;;;;;;;;;;;;;;;;;;;;;
T0 = 0,5 (référence);9500;1.9382957999987411;0.00027476178433018445;0.6452798692818761;0.6450151887600416;;;;;;;;;;;;;;;;;;;;;;
T0 = 0,5 (référence);10000;1.9917075999983354;0.000267961087573554;0.6343624255699307;0.6343624255699307;12.074285714285715;3.981409862070962;20;1;3.086206896551724;61.714285714285715;3.533577839287191;10.013333333333334;13.62;0.7351933431228586;9.805555555555555;12.661870503597122;1.9577882696598485;14;82.84843890386342;1018.1166666666667;726;-0.15735833673053404;54.70829068577277;0;0;0
T0 = 0,5 (référence);10500;2.0474720999991405;0.00026132871654129;0.6236165541659715;0.6236165541659715;;;;;;;;;;;;;;;;;;;;;;
T0 = 0,5 (référence);11000;2.148531599999842;0.00025486050496183296;0.618863433556224;0.6188634335562241;;;;;;;;;;;;;;;;;;;;;;
T0 = 0,5 (référence);11500;2.19658889999846;0.000248552389684039;0.6131758972457853;0.6131366761355608;;;;;;;;;;;;;;;;;;;;;;
T0 = 0,5 (référence);12000;2.2497798999975203;0.00024240040812482138;0.612795106228088;0.611749867211729;;;;;;;;;;;;;;;;;;;;;;
T0 = 0,5 (référence);12500;2.3054441999993287;0.0002364006957799657;0.6077980516683463;0.6075838368086941;;;;;;;;;;;;;;;;;;;;;;
T0 = 0,5 (référence);13000;2.360689499997534;0.00023054948379655526;0.600516595555467;0.600516595555467;;;;;;;;;;;;;;;;;;;;;;
T0 = 0,5 (référence);13500;2.416911299998901;0.00022484309660548242;0.5992238747787512;0.5992238747787512;;;;;;;;;;;;;;;;;;;;;;
T0 = 0,5 (référence);14000;2.470138599997881;0.00021927794961255798;0.5957514261877422;0.5957514261877422;;;;;;;;;;;;;;;;;;;;;;
T0 = 0,5 (référence);14500;2.5277279000001727;0.0002138505469467685;0.593895685126528;0.5938615670780805;;;;;;;;;;;;;;;;;;;;;;
T0 = 0,5 (référence);15000;2.624887199999648;0.00020855747926426695;0.587108507128588;0.5868331847576176;12.017142857142858;3.7667330076633263;19;1;2.7011494252873565;62.285714285714285;3.3107202158277955;10.133333333333333;13.43;0.7545296599652519;9.63888888888889;12.633093525179856;1.809596560121149;13;83.66723356009071;960.3666666666667;719;-0.31675499388503875;66.27430910951894;0;0;0
T0 = 0,5 (référence);15500;2.758366099998966;0.00020339542160671762;0.5834658261539686;0.5830077151867032;;;;;;;;;;;;;;;;;;;;;;
T0 = 0,5 (référence);16000;2.809904899997491;0.00019836113131264943;0.5773629224344528;0.5771609685131349;;;;;;;;;;;;;;;;;;;;;;
T0 = 0,5 (référence);16500;2.8646638999998686;0.00019345144598050586;0.5751604860768761;0.5747572838136525;;;;;;;;;;;;;;;;;;;;;;
T0 = 0,5 (référence);17000;2.915342699998291;0.0001886632814821121;0.5701119742378491;0.5701119742378491;;;;;;;;;;;;;;;;;;;;;;
T0 = 0,5 (référence);17500;3.0116732999995293;0.00018399363002531114;0.5686957900469053;0.5686957900469053;;;;;;;;;;;;;;;;;;;;;;
T0 = 0,5 (référence);18000;3.090619999999035;0.00017943955826455225;0.5666562834927953;0.5665329847940539;;;;;;;;;;;;;;;;;;;;;;
T0 = 0,5 (référence);18500;3.144239799999923;0.0001749982054582446;0.5612673272686659;0.5612577131769263;;;;;;;;;;;;;;;;;;;;;;
T0 = 0,5 (référence);19000;3.1959891999977117;0.00017066678167171874;0.5603022292848023;0.5597880805746985;;;;;;;;;;;;;;;;;;;;;;
T0 = 0,5 (référence);19500;3.2488223999971524;0.00016644256602466693;0.556497945061473;0.556497945061473;;;;;;;;;;;;;;;;;;;;;;
T0 = 0,5 (référence);20000;3.3033068999975512;0.00016232290498196177;0.5518737039096977;0.5517849969837338;12.022857142857143;3.6581873508443428;18;1;2.6379310344827585;58.285714285714285;3.1696823009163735;10.226666666666667;13.37;0.7648965345300425;9.5;12.676258992805755;1.6115490568642783;11;84.32373771989947;914.8666666666667;713;-0.48919690175295555;72.10849539406345;0;0;0
T0 = 0,5 (référence);20500;3.3579382999996596;0.0001583052106867788;0.5477959803875607;0.5473127031281815;;;;;;;;;;;;;;;;;;;;;;
T0 = 0,5 (référence);21000;3.426083700000163;0.00015438695933497676;0.5466498087071099;0.5466498087071099;;;;;;;;;;;;;;;;;;;;;;
T0 = 0,5 (référence);21500;3.5310428999982832;0.0001505656895897137;0.5420383176206724;0.5420383176206724;;;;;;;;;;;;;;;;;;;;;;
T0 = 0,5 (référence);22000;3.5949411999972654;0.00014683900103530358;0.5388809713814555;0.5388809713814555;;;;;;;;;;;;;;;;;;;;;;
T0 = 0,5 (référence);22500;3.645145499998762;0.00014320455266934155;0.5358767240144489;0.5357941058277822;;;;;;;;;;;;;;;;;;;;;;
T0 = 0,5 (référence);23000;3.6979960999997274;0.00013966006143215122;0.5351316174303792;0.5348160574294442;;;;;;;;;;;;;;;;;;;;;;
T0 = 0,5 (référence);23500;3.750120299999253;0.00013620330077262994;0.5316547973427298;0.5316547973427298;;;;;;;;;;;;;;;;;;;;;;
T0 = 0,5 (référence);24000;3.7991332999990846;0.00013283209924959104;0.5261441680408367;0.5261441680408367;;;;;;;;;;;;;;;;;;;;;;
T0 = 0,5 (référence);24500;3.851205099999788;0.00012954433916772482;0.5186577204349331;0.5186577204349331;;;;;;;;;;;;;;;;;;;;;;
T0 = 0,5 (référence);25000;3.9488498999999138;0.00012633795524732088;0.5150819763987832;0.5150819763987832;11.98857142857143;3.5326858603271116;18;3;2.425287356321839;53.714285714285715;2.9388263083072013;10.013333333333334;13.47;0.7433803513981687;9.333333333333334;12.676258992805755;1.4437995240940469;11;84.55688228388169;898.8666666666667;711;-0.5254790052996331;75.17911975435005;0;0;0
T0 = 0,5 (référence);25500;4.0085252999997465;0.00012321093332691693;0.5130627880772637;0.5130627880772637;;;;;;;;;;;;;;;;;;;;;;
T0 = 0,5 (référence);26000;4.076279599998088;0.00012016130909805821;0.5094059342133777;0.5094059342133777;;;;;;;;;;;;;;;;;;;;;;
T0 = 0,5 (référence);26500;4.130523099996935;0.00011718716687137349;0.5091381221070135;0.5091381221070135;;;;;;;;;;;;;;;;;;;;;;
T0 = 0,5 (référence);27000;4.187811699997837;0.0001142866383731921;0.5080149476905;0.5076355024823391;;;;;;;;;;;;;;;;;;;;;;
T0 = 0,5 (référence);27500;4.236772899999778;0.00011145790157194622;0.5080656068973348;0.5075856010775577;;;;;;;;;;;;;;;;;;;;;;
T0 = 0,5 (référence);28000;4.286819699998887;0.00010869917953362123;0.5052211235188826;0.5051866864813448;;;;;;;;;;;;;;;;;;;;;;
T0 = 0,5 (référence);28500;4.376685199997155;0.00010600873930553493;0.5017194248851041;0.5017194248851041;;;;;;;;;;;;;;;;;;;;;;
T0 = 0,5 (référence);29000;4.424740700000257;0.00010338489082774485;0.5011719791185184;0.500780655382826;;;;;;;;;;;;;;;;;;;;;;
T0 = 0,5 (référence);29500;4.471842999999353;0.00010082598587139934;0.49904716700711993;0.49904716700711993;;;;;;;;;;;;;;;;;;;;;;
T0 = 0,5 (référence);30000;4.532080999997561;9.833041700336599e-05;0.49855910977785056;0.49850824969576835;11.982857142857142;3.4234056321810566;18;3;2.4367816091954024;53.142857142857146;2.8380079090035943;10.12;13.38;0.7563527653213751;9.333333333333334;12.66906474820144;1.3853764144000174;11;84.949233468519;872.1166666666667;708;-0.5230330207908683;77.53326509723644;0;0;0
T0 = 0,5 (référence);30500;4.589301899999555;9.589661657648669e-05;0.4970677636062141;0.4970677636062141;;;;;;;;;;;;;;;;;;;;;;
T0 = 0,5 (référence);31000;4.7317649999968125;9.352305574482517e-05;0.4958435946620104;0.4957517865925991;;;;;;;;;;;;;;;;;;;;;;
T0 = 0,5 (référence);31500;4.855110699998477;9.120824350328836e-05;0.49466229193300765;0.49466229193300765;;;;;;;;;;;;;;;;;;;;;;
T0 = 0,5 (référence);32000;4.951039499999752;8.895072575101832e-05;0.4934952133232776;0.4934952133232776;;;;;;;;;;;;;;;;;;;;;;
T0 = 0,5 (référence);32500;5.025798999999097;8.674908437796647e-05;0.4928439654375111;0.4928439654375111;;;;;;;;;;;;;;;;;;;;;;
T0 = 0,5 (référence);33000;5.097512299998925;8.460193637407611e-05;0.49140445117488357;0.49140445117488357;;;;;;;;;;;;;;;;;;;;;;
T0 = 0,5 (référence);33500;5.155581600000005;8.250793296051393e-05;0.49112552430418843;0.4907943142794514;;;;;;;;;;;;;;;;;;;;;;
T0 = 0,5 (référence);34000;5.230030899998383;8.046575874240446e-05;0.4912554002401363;0.4903935463869298;;;;;;;;;;;;;;;;;;;;;;
T0 = 0,5 (référence);34500;5.346744899998157;7.847413088253556e-05;0.49049894229493374;0.4902809909558368;;;;;;;;;;;;;;;;;;;;;;
T0 = 0,5 (référence);35000;5.403962699998374;7.653179829551563e-05;0.49081520632404135;0.4902809909558368;11.96;3.3625840403730325;17;3;2.3908045977011496;52.57142857142857;2.799445712024039;10.133333333333333;13.33;0.7601900475118779;9.38888888888889;12.62589928057554;1.3306041781827294;11;85.07099858866903;863.8666666666667;707;-0.5368935996738687;78.91504605936541;0;0;0
T0 = 0,5 (référence);35500;5.458984999997483;7.463754086187646e-05;0.4894963958302475;0.4894963958302475;;;;;;;;;;;;;;;;;;;;;;
T0 = 0,5 (référence);36000;5.508040599997912;7.279016866162801e-05;0.4889867065996036;0.4889867065996036;;;;;;;;;;;;;;;;;;;;;;
T0 = 0,5 (référence);36500;5.554457199999888;7.098852122678369e-05;0.48780518916863524;0.48780518916863524;;;;;;;;;;;;;;;;;;;;;;
T0 = 0,5 (référence);37000;5.608312000000296;6.923146681238654e-05;0.4868631451267165;0.4868631451267165;;;;;;;;;;;;;;;;;;;;;;
T0 = 0,5 (référence);37500;5.656304899999668;6.751790168557844e-05;0.48533914904187486;0.48533914904187486;;;;;;;;;;;;;;;;;;;;;;
T0 = 0,5 (référence);38000;5.7359875999973156;6.584674943226572e-05;0.48450819369604803;0.48450819369604803;;;;;;;;;;;;;;;;;;;;;;
T0 = 0,5 (référence);38500;5.79692839999916;6.421696028094567e-05;0.4833937459032334;0.48328909669668463;;;;;;;;;;;;;;;;;;;;;;
T0 = 0,5 (référence);39000;5.845179399999324;6.262751044326925e-05;0.4830942136765952;0.4830942136765952;;;;;;;;;;;;;;;;;;;;;;
T0 = 0,5 (référence);39500;5.90054759999839;6.107740147092553e-05;0.4808505777542625;0.4808232833155044;;;;;;;;;;;;;;;;;;;;;;
T0 = 0,5 (référence);40000;6.00355899999704;5.956565962844429e-05;0.4782941560463709;0.4782941560463709;11.96;3.307757116666389;17;3;2.3563218390804597;53.142857142857146;2.7468679238987765;10.106666666666667;13.35;0.7570536828963796;9.472222222222221;12.60431654676259;1.2670259766437553;10;85.60607377785504;827.8666666666667;703;-0.5209947003668977;80.0921187308086;0;0;0
T0 = 0,5 (référence);40500;6.058284599999752;5.8091335281522296e-05;0.47779487897165246;0.4777914671668077;;;;;;;;;;;;;;;;;;;;;;
T0 = 0,5 (référence);41000;6.144853099998727;5.665350230048941e-05;0.4771062463374742;0.4770814317193688;;;;;;;;;;;;;;;;;;;;;;
T0 = 0,5 (référence);41500;6.234449399998994;5.525125747853958e-05;0.4765730029914612;0.4765730029914612;;;;;;;;;;;;;;;;;;;;;;
T0 = 0,5 (référence);42000;6.283198199998878;5.388371996436139e-05;0.47599473591241526;0.47599473591241526;;;;;;;;;;;;;;;;;;;;;;
T0 = 0,5 (référence);42500;6.333280199996807;5.255003070881173e-05;0.47561251278127026;0.47558981475881296;;;;;;;;;;;;;;;;;;;;;;
T0 = 0,5 (référence);43000;6.383152999998856;5.1249351925284884e-05;0.4744617837936207;0.4744617837936207;;;;;;;;;;;;;;;;;;;;;;
T0 = 0,5 (référence);43500;6.430394899998646;4.9980866563438254e-05;0.4741513095527473;0.47410354428492063;;;;;;;;;;;;;;;;;;;;;;
T0 = 0,5 (référence);44000;6.486580299999332;4.874377779594397e-05;0.473294725126137;0.473294725126137;;;;;;;;;;;;;;;;;;;;;;
T0 = 0,5 (référence);44500;6.567228500000056;4.753730851794409e-05;0.4724562151234071;0.4724459797088728;;;;;;;;;;;;;;;;;;;;;;
T0 = 0,5 (référence);45000;6.7660477999997966;4.636070085889486e-05;0.4710901043804908;0.4710901043804908;11.937142857142858;3.2463681433948586;18;3;2.2988505747126435;47.42857142857143;2.685188920395508;10.146666666666667;13.28;0.7640562248995985;9.416666666666666;12.589928057553957;1.2137229587230294;10;85.4754050925926;836.6166666666667;704;-0.6795760293518142;80.50153531218014;0;0;0
T0 = 0,5 (référence);45500;6.872483299997839;4.521321570649345e-05;0.4708134375266677;0.4708134375266677;;;;;;;;;;;;;;;;;;;;;;
T0 = 0,5 (référence);46000;6.929282699999021;4.409413224238811e-05;0.46989950264154995;0.4697559705000549;;;;;;;;;;;;;;;;;;;;;;
T0 = 0,5 (référence);46500;6.979664499998762;4.3002747489380064e-05;0.46692280319171087;0.46692280319171087;;;;;;;;;;;;;;;;;;;;;;
T0 = 0,5 (référence);47000;7.029558399997768;4.193837586983275e-05;0.4657461666209021;0.4657461666209021;;;;;;;;;;;;;;;;;;;;;;
T0 = 0,5 (référence);47500;7.131306699997367;4.090034877501092e-05;0.4647946674483452;0.4647946674483452;;;;;;;;;;;;;;;;;;;;;;
T0 = 0,5 (référence);48000;7.183436100000108;3.988801414507921e-05;0.4629538957283428;0.4629538957283428;;;;;;;;;;;;;;;;;;;;;;
T0 = 0,5 (référence);48500;7.239365099998395;3.890073605949621e-05;0.46098832547513147;0.46098832547513147;;;;;;;;;;;;;;;;;;;;;;
T0 = 0,5 (référence);49000;7.285593299999164;3.793789433754684e-05;0.46047745745176216;0.46047745745176216;;;;;;;;;;;;;;;;;;;;;;
T0 = 0,5 (référence);49500;7.3283121999993455;3.6998884148762e-05;0.46007426840113447;0.46007426840113447;;;;;;;;;;;;;;;;;;;;;;
T0 = 0,5 (référence);50000;7.381573599999683;3.608311563298084e-05;0.4597701935609556;0.4597701935609556;11.93142857142857;3.152483957459707;18;4;2.1954022988505746;45.142857142857146;2.58600714189795;10.173333333333334;13.25;0.7677987421383649;9.416666666666666;12.582733812949641;1.1930633013301546;10;85.5837534040211;829.3666666666667;703;-0.7729311047696698;82.54861821903788;0;0;0
T0 = 0,5 (référence);50500;7.4312352999986615;3.519001352981699e-05;0.45964351649804935;0.45963093088511503;;;;;;;;;;;;;;;;;;;;;;
T0 = 0,5 (référence);51000;7.47834679999869;3.4319016817295936e-05;0.45819869505667743;0.45819869505667743;;;;;;;;;;;;;;;;;;;;;;
T0 = 0,5 (référence);51500;7.572338699999818;3.3469578359436516e-05;0.4564838825916061;0.4564838825916061;;;;;;;;;;;;;;;;;;;;;;
T0 = 0,5 (référence);52000;7.629323699999077;3.2641164562555356e-05;0.45567637642787784;0.45567637642787784;;;;;;;;;;;;;;;;;;;;;;
T0 = 0,5 (référence);52500;7.70982009999716;3.183325504007804e-05;0.45558795237832206;0.45558795237832206;;;;;;;;;;;;;;;;;;;;;;
T0 = 0,5 (référence);53000;7.7784993999994185;3.1045342285646744e-05;0.455516304476582;0.455516304476582;;;;;;;;;;;;;;;;;;;;;;
T0 = 0,5 (référence);53500;7.869878800000151;3.0276931354318804e-05;0.45559477598801157;0.455516304476582;;;;;;;;;;;;;;;;;;;;;;
T0 = 0,5 (référence);54000;7.932496800000081;2.952753955165602e-05;0.45458351487020254;0.45458351487020254;;;;;;;;;;;;;;;;;;;;;;
T0 = 0,5 (référence);54500;8.03451049999785;2.8796696130509377e-05;0.45253568844125025;0.45248792317342357;;;;;;;;;;;;;;;;;;;;;;
T0 = 0,5 (référence);55000;8.094015200000285;2.808394199530879e-05;0.45224227322460064;0.45224227322460064;11.937142857142858;3.115223973996615;17;4;2.1379310344827585;45.714285714285715;2.5453368367550344;10.2;13.24;0.7703927492447129;9.416666666666666;12.589928057553957;1.1790118677769923;10;85.83863563729336;812.3666666666667;701;-0.8821850794944965;83.62333674513818;0;0;0
T0 = 0,5 (référence);55500;8.149964799998997;2.738882941367196e-05;0.45193017194538526;0.45193017194538526;;;;;;;;;;;;;;;;;;;;;;
T0 = 0,5 (référence);56000;8.195064399998955;2.6710921735151312e-05;0.4514346746979639;0.45143467469796394;;;;;;;;;;;;;;;;;;;;;;
T0 = 0,5 (référence);56500;8.239630099997157;2.604979311694231e-05;0.4499167953984756;0.4499167953984756;;;;;;;;;;;;;;;;;;;;;;
T0 = 0,5 (référence);57000;8.290245599997434;2.5405028256380788e-05;0.44821613348986017;0.44821613348986017;;;;;;;;;;;;;;;;;;;;;;
T0 = 0,5 (référence);57500;8.339627699999255;2.4776222130061365e-05;0.4471659568028856;0.4471659568028856;;;;;;;;;;;;;;;;;;;;;;
T0 = 0,5 (référence);58000;8.391268299998046;2.416297973941295e-05;0.4466004555930764;0.4466004555930764;;;;;;;;;;;;;;;;;;;;;;
T0 = 0,5 (référence);58500;8.48795749999772;2.3564915862571607e-05;0.4464923394444886;0.4464923394444886;;;;;;;;;;;;;;;;;;;;;;
T0 = 0,5 (référence);59000;8.535452899999655;2.2981654812394854e-05;0.44631524258315014;0.44626065370563384;;;;;;;;;;;;;;;;;;;;;;
T0 = 0,5 (référence);59500;8.587381699999241;2.241283020046542e-05;0.44542111377223415;0.44542111377223415;;;;;;;;;;;;;;;;;;;;;;
T0 = 0,5 (référence);60000;8.63720319999993;2.1858084706936205e-05;0.4449889347582099;0.44498893475820983;11.93142857142857;3.0828346351621105;17;4;2.086206896551724;40.0;2.4939290453384544;10.2;13.23;0.7709750566893423;9.36111111111111;12.597122302158274;1.1650840918974652;10;86.04985730094938;798.3666666666667;699;-0.930697105584998;84.08393039918117;0;0;0
T0 = 0,5 (référence);60500;8.787800499998411;2.131706985607186e-05;0.4440191481234612;0.4440191481234612;;;;;;;;;;;;;;;;;;;;;;
T0 = 0,5 (référence);61000;8.842490899998666;2.078944579734599e-05;0.443507526649611;0.443507526649611;;;;;;;;;;;;;;;;;;;;;;
T0 = 0,5 (référence);61500;8.944919599998684;2.0274881091956478e-05;0.4425077431530938;0.4425077431530938;;;;;;;;;;;;;;;;;;;;;;
T0 = 0,5 (référence);62000;8.991358999999647;1.9773052504624833e-05;0.441478710862494;0.441478710862494;;;;;;;;;;;;;;;;;;;;;;
T0 = 0,5 (référence);62500;9.048153099996853;1.9283644800548734e-05;0.4411737814730385;0.44117378147303843;;;;;;;;;;;;;;;;;;;;;;
T0 = 0,5 (référence);63000;9.108815399999003;1.880635054738028e-05;0.4402817658702082;0.4402817658702084;;;;;;;;;;;;;;;;;;;;;;
T0 = 0,5 (référence);63500;9.177390999997442;1.8340869922105512e-05;0.4399933707931521;0.43999337079315215;;;;;;;;;;;;;;;;;;;;;;
T0 = 0,5 (référence);64000;9.237343299999338;1.7886910522703907e-05;0.43963322688893797;0.43963322688893797;;;;;;;;;;;;;;;;;;;;;;
T0 = 0,5 (référence);64500;9.349209799998789;1.744418718446953e-05;0.4393268331398402;0.4393268331398403;;;;;;;;;;;;;;;;;;;;;;
T0 = 0,5 (référence);65000;9.414051899999322;1.7012421800878506e-05;0.4382649771922501;0.43826497719225027;11.93142857142857;3.0530332859138563;18;4;2.0402298850574714;38.285714285714285;2.432551455051501;10.266666666666667;13.18;0.7789580171977745;9.222222222222221;12.633093525179856;1.1434265854263748;10;86.04985730094938;798.3666666666667;699;-1.059926620464737;84.49334698055272;0;0;0
T0 = 0,5 (référence);65500;9.504951299997629;1.6591343148890167e-05;0.4370856164978506;0.4370856164978508;;;;;;;;;;;;;;;;;;;;;;
T0 = 0,5 (référence);66000;9.562449599998217;1.6180686718572297e-05;0.4366591224597699;0.4366591224597699;;;;;;;;;;;;;;;;;;;;;;
T0 = 0,5 (référence);66500;9.623270199997933;1.5780194546943315e-05;0.43593151193896706;0.43593151193896723;;;;;;;;;;;;;;;;;;;;;;
T0 = 0,5 (référence);67000;9.67920249999952;1.5389615055927075e-05;0.43389391780863723;0.43389391780863723;;;;;;;;;;;;;;;;;;;;;;
T0 = 0,5 (référence);67500;9.73680179999792;1.5008702894318514e-05;0.43368421935639356;0.4336842193563937;;;;;;;;;;;;;;;;;;;;;;
T0 = 0,5 (référence);68000;9.852456799999345;1.4637218783660807e-05;0.4330937840183646;0.4330937840183646;;;;;;;;;;;;;;;;;;;;;;
T0 = 0,5 (référence);68500;9.923787099996844;1.427492936793729e-05;0.4319165818590437;0.4319165818590437;;;;;;;;;;;;;;;;;;;;;;
T0 = 0,5 (référence);69000;9.97683209999741;1.3921607066983675e-05;0.43179675998940503;0.43179675998940503;;;;;;;;;;;;;;;;;;;;;;
T0 = 0,5 (référence);69500;10.031339599998319;1.3577029933528511e-05;0.4315177429371818;0.4315177429371818;;;;;;;;;;;;;;;;;;;;;;
T0 = 0,5 (référence);70000;10.083343899997999;1.3240981513772055e-05;0.4315177429371818;0.4315177429371818;11.942857142857143;2.9427184433334244;17;4;2.028735632183908;37.714285714285715;2.3924774758313854;10.306666666666667;13.17;0.7825866869147051;9.5;12.575539568345324;1.1362960160196505;10;86.28474655454333;782.8666666666667;697;-1.1626579698328576;84.74923234390992;0;0;0
T0 = 0,5 (référence);70500;10.139149399998132;1.2913250711415992e-05;0.4314670395888405;0.4314670395888404;;;;;;;;;;;;;;;;;;;;;;
T0 = 0,5 (référence);71000;10.25356069999907;1.2593631655058612e-05;0.43106587124076046;0.43106587124076046;;;;;;;;;;;;;;;;;;;;;;
T0 = 0,5 (référence);71500;10.467048599999544;1.2281923568872086e-05;0.4306983415611073;0.4306983415611073;;;;;;;;;;;;;;;;;;;;;;
T0 = 0,5 (référence);72000;10.529125999997632;1.197793064648067e-05;0.43048680966073205;0.43048680966073205;;;;;;;;;;;;;;;;;;;;;;
T0 = 0,5 (référence);72500;10.591564999998809;1.1681461927960567e-05;0.43004418468623834;0.43004418468623834;;;;;;;;;;;;;;;;;;;;;;
T0 = 0,5 (référence);73000;10.65358120000019;1.1392331179884196e-05;0.4297342575756391;0.4297342575756392;;;;;;;;;;;;;;;;;;;;;;
T0 = 0,5 (référence);73500;10.85954750000019;1.1110356778333523e-05;0.42939074890924267;0.42939074890924267;;;;;;;;;;;;;;;;;;;;;;
T0 = 0,5 (référence);74000;10.917789499999344;1.083536159480894e-05;0.42885245719740345;0.42885245719740345;;;;;;;;;;;;;;;;;;;;;;
T0 = 0,5 (référence);74500;10.98031869999977;1.0567172884962069e-05;0.4285089325104685;0.4285089325104685;;;;;;;;;;;;;;;;;;;;;;
T0 = 0,5 (référence);75000;11.036679699998786;1.0305622180082544e-05;0.42850552070562375;0.42850552070562375;11.942857142857143;2.958212366981665;17;4;2.0172413793103448;37.714285714285715;2.3507748967875073;10.266666666666667;13.2;0.7777777777777779;9.36111111111111;12.611510791366907;1.1507504018082284;10;86.34525479195887;778.8666666666667;697;-1.1814105177333878;85.05629477993858;0;0;0
T0 = 0,5 (référence);75500;11.101253699998779;1.005054518127064e-05;0.4278121857544312;0.4278121857544312;;;;;;;;;;;;;;;;;;;;;;
T0 = 0,5 (référence);76000;11.231591799998569;9.801781656229258e-06;0.4277191240446281;0.4277191240446281;;;;;;;;;;;;;;;;;;;;;;
T0 = 0,5 (référence);76500;11.288732199998776;9.55917533861045e-06;0.4274900226989526;0.4274900226989526;;;;;;;;;;;;;;;;;;;;;;
T0 = 0,5 (référence);77000;11.351107799997408;9.322573829853219e-06;0.42646282997075213;0.4264560063610626;;;;;;;;;;;;;;;;;;;;;;
T0 = 0,5 (référence);77500;11.423630099998263;9.091828503450976e-06;0.4257469809101321;0.4257469809101321;;;;;;;;;;;;;;;;;;;;;;
T0 = 0,5 (référence);78000;11.476385899997695;8.866794411588486e-06;0.4255299506967319;0.4255299506967319;;;;;;;;;;;;;;;;;;;;;;
T0 = 5;500;0.42957019999812474;0.004313989273811152;0.9771706268068483;0.9710303759941098;;;;;;;;;;;;;;;;;;;;;;
T0 = 5;1000;0.5212382999998226;0.00420721266026547;0.9641923784046627;0.9551167738720168;;;;;;;;;;;;;;;;;;;;;;
T0 = 5;1500;0.5919586999989406;0.004103078901042467;0.9311329376939161;0.9243683150143722;;;;;;;;;;;;;;;;;;;;;;
T0 = 5;2000;0.6435710999976436;0.004001522582202339;0.9103308107645115;0.9078800252085905;;;;;;;;;;;;;;;;;;;;;;
T0 = 5;2500;0.7047730999984196;0.003902479908881857;0.9033759476003859;0.9007615059134294;;;;;;;;;;;;;;;;;;;;;;
T0 = 5;3000;0.7510314999999537;0.003805888665220199;0.897224227695713;0.8906034074888136;;;;;;;;;;;;;;;;;;;;;;
T0 = 5;3500;0.805070499998692;0.003711688175276676;0.8866592038476853;0.8863018741559869;;;;;;;;;;;;;;;;;;;;;;
T0 = 5;4000;0.8543049999971117;0.0036198192649157857;0.8753099423628096;0.873939044067149;;;;;;;;;;;;;;;;;;;;;;
T0 = 5;4500;0.9070863999986614;0.003530224224635662;0.8675518796371818;0.8599731003557273;;;;;;;;;;;;;;;;;;;;;;
T0 = 5;5000;1.0044906999974046;0.0034428467733165673;0.8707708907373954;0.8549694876037658;12.057142857142857;4.782962961792361;22;0;3.735632183908046;69.14285714285714;4.4484173626017816;10.04;13.57;0.7398673544583639;9.88888888888889;12.618705035971223;2.9122822465106815;15;80.84293078863661;1164.3666666666666;743;-0.154097024052181;45.29170931422723;0;0;0
T0 = 5;5500;1.053427200000442;0.0033576320228666523;0.8622230032241833;0.8524734036174029;;;;;;;;;;;;;;;;;;;;;;
T0 = 5;6000;1.1974773999972967;0.0032745264437427806;0.8601866009195658;0.8524734036174029;;;;;;;;;;;;;;;;;;;;;;
T0 = 5;6500;1.2555981000004977;0.0031934778313247544;0.8620318192161226;0.8524734036174029;;;;;;;;;;;;;;;;;;;;;;
T0 = 5;7000;1.3344776999983878;0.003114435273121816;0.8456536612693903;0.8444477233190559;;;;;;;;;;;;;;;;;;;;;;
T0 = 5;7500;1.3884809999981371;0.0030373491167908374;0.8597962460843446;0.8420913766186889;;;;;;;;;;;;;;;;;;;;;;
T0 = 5;8000;1.4903400000002875;0.0029621709389460924;0.8733100254374013;0.8420913766186889;;;;;;;;;;;;;;;;;;;;;;
T0 = 5;8500;1.5374650999983714;0.0028888535147410304;0.8455695509672082;0.8420913766186889;;;;;;;;;;;;;;;;;;;;;;
T0 = 5;9000;1.580836699999054;0.0028173507882029362;0.8449852022632143;0.8344920145184627;;;;;;;;;;;;;;;;;;;;;;
T0 = 5;9500;1.6310167999981786;0.0027476178433018454;0.8334753029773067;0.8334753029773067;;;;;;;;;;;;;;;;;;;;;;
T0 = 5;10000;1.680489200000011;0.00267961087573554;0.8129073965518103;0.8121575909511095;12.04;4.514560570294427;21;2;3.5172413793103448;70.28571428571429;4.2859123129884855;10.04;13.54;0.741506646971935;10.555555555555555;12.424460431654676;2.6643633474042776;15;81.33443662943043;1127.8666666666666;739;-0.2364451691805952;65.45547594677585;0;0;0
T0 = 5;10500;1.7260501999990083;0.0026132871654129006;0.8131126974210805;0.8094223382039923;;;;;;;;;;;;;;;;;;;;;;
T0 = 5;11000;1.7787255000002915;0.0025486050496183305;0.8032925328642844;0.8001759125999348;;;;;;;;;;;;;;;;;;;;;;
T0 = 5;11500;1.8247112999997626;0.0024855238968403913;0.8100564361576148;0.7985628261583301;;;;;;;;;;;;;;;;;;;;;;
T0 = 5;12000;1.9134564999985741;0.0024240040812482156;0.8046493602876864;0.7968833976309001;;;;;;;;;;;;;;;;;;;;;;
T0 = 5;12500;1.9599323999973421;0.0023640069577996583;0.7964970286655446;0.7936155175299063;;;;;;;;;;;;;;;;;;;;;;
T0 = 5;13000;2.0066293999989284;0.002305494837965554;0.7725699104838629;0.7704515928157635;;;;;;;;;;;;;;;;;;;;;;
T0 = 5;13500;2.052859699997498;0.0022484309660548256;0.7711633283996215;0.7704515928157635;;;;;;;;;;;;;;;;;;;;;;
T0 = 5;14000;2.096877599997242;0.0021927794961255813;0.7674887957660173;0.7644144783095301;;;;;;;;;;;;;;;;;;;;;;
T0 = 5;14500;2.14351429999806;0.0021385054694676863;0.7605853929916995;0.7574748888251086;;;;;;;;;;;;;;;;;;;;;;
T0 = 5;15000;2.193141399999149;0.0020855747926426704;0.7567290625318402;0.7567290625318402;12.0;4.260114015912183;21;2;3.3448275862068964;63.42857142857143;3.980960360919086;10.2;13.35;0.7640449438202247;10.11111111111111;12.489208633093526;2.506027158550113;14;80.88951079649902;1160.8666666666666;743;-0.4912352221769262;74.0532241555783;0;0;0
T0 = 5;15500;2.238755399997899;0.0020339542160671773;0.7693843350330923;0.7547117588514372;;;;;;;;;;;;;;;;;;;;;;
T0 = 5;16000;2.2795723999988695;0.0019836113131264954;0.7556682279595375;0.7532412790657945;;;;;;;;;;;;;;;;;;;;;;
T0 = 5;16500;2.365121899998485;0.0019345144598050597;0.7580950582932765;0.7520299030487854;;;;;;;;;;;;;;;;;;;;;;
T0 = 5;17000;2.42121589999806;0.001886632814821122;0.7542344577243802;0.7520299030487854;;;;;;;;;;;;;;;;;;;;;;
T0 = 5;17500;2.481200499998522;0.0018399363002531127;0.7611627379590251;0.746469720407561;;;;;;;;;;;;;;;;;;;;;;
T0 = 5;18000;2.535175799999706;0.0017943955826455237;0.7613586558805631;0.746469720407561;;;;;;;;;;;;;;;;;;;;;;
T0 = 5;18500;2.57812980000017;0.0017499820545824475;0.7486092086604386;0.746469720407561;;;;;;;;;;;;;;;;;;;;;;
T0 = 5;19000;2.6247671999990416;0.0017066678167171887;0.7547708308652965;0.746469720407561;;;;;;;;;;;;;;;;;;;;;;
T0 = 5;19500;2.671808199997031;0.001664425660246671;0.7583456565203367;0.746469720407561;;;;;;;;;;;;;;;;;;;;;;
T0 = 5;20000;2.7189327999985835;0.0016232290498196193;0.7635377116367148;0.746469720407561;12.028571428571428;4.379730678515122;21;2;3.32183908045977;62.857142857142854;4.026995300607883;10.08;13.49;0.7472201630837657;9.88888888888889;12.582733812949641;2.57811503613389;14;81.20005507366102;1137.8666666666666;739;-0.8279657562168773;78.35209825997953;0;0;0
T0 = 5;20500;2.83081730000049;0.0015830521068677895;0.7600897729777083;0.746469720407561;;;;;;;;;;;;;;;;;;;;;;
T0 = 5;21000;2.8762604000003194;0.001543869593349769;0.7502352169162498;0.746469720407561;;;;;;;;;;;;;;;;;;;;;;
T0 = 5;21500;2.9263773999991827;0.0015056568958971386;0.7494076012925083;0.7463153156015312;;;;;;;;;;;;;;;;;;;;;;
T0 = 5;22000;2.9737857000000076;0.001468390010353037;0.7457455923657478;0.7386753095069879;;;;;;;;;;;;;;;;;;;;;;
T0 = 5;22500;3.017345000000205;0.0014320455266934164;0.7369530222905675;0.7354988240989768;;;;;;;;;;;;;;;;;;;;;;
T0 = 5;23000;3.1253661999980977;0.001396600614321513;0.7314125542902564;0.7314125542902564;;;;;;;;;;;;;;;;;;;;;;
T0 = 5;23500;3.2464421999975457;0.0013620330077263002;0.7234127070447575;0.7224912093961929;;;;;;;;;;;;;;;;;;;;;;
T0 = 5;24000;3.2943998999980977;0.0013283209924959114;0.7262015895261352;0.7213381352056323;;;;;;;;;;;;;;;;;;;;;;
T0 = 5;24500;3.339629899997817;0.001295443391677249;0.7184614133912508;0.7181134217450122;;;;;;;;;;;;;;;;;;;;;;
T0 = 5;25000;3.38266929999736;0.0012633795524732098;0.7165377281712679;0.7160614364949325;12.017142857142858;4.271465838346746;21;2;3.3620689655172415;60.57142857142857;3.8719138892395444;10.066666666666666;13.48;0.7467853610286844;9.722222222222221;12.611510791366907;2.3074285443458047;14;81.53837646538376;1112.8666666666666;737;-0.7215654300856095;81.525076765609;0;0;0
T0 = 5;25500;3.431831999998394;0.0012321093332691702;0.714071190121532;0.7134968808180026;;;;;;;;;;;;;;;;;;;;;;
T0 = 5;26000;3.4791865999977745;0.001201613090980583;0.7174624716066703;0.7116026362540268;;;;;;;;;;;;;;;;;;;;;;
T0 = 5;26500;3.52954519999912;0.0011718716687137355;0.7235787548238366;0.7116026362540268;;;;;;;;;;;;;;;;;;;;;;
T0 = 5;27000;3.576116500000353;0.0011428663837319214;0.7269604115335697;0.7116026362540268;;;;;;;;;;;;;;;;;;;;;;
T0 = 5;27500;3.6211346999989473;0.0011145790157194627;0.7234101606891984;0.7116026362540268;;;;;;;;;;;;;;;;;;;;;;
T0 = 5;28000;3.7311458000003768;0.0010869917953362127;0.7217877986200817;0.7116026362540268;;;;;;;;;;;;;;;;;;;;;;
T0 = 5;28500;3.7983495999978913;0.0010600873930553497;0.7171521431481557;0.7116026362540268;;;;;;;;;;;;;;;;;;;;;;
T0 = 5;29000;3.8693576000005123;0.0010338489082774489;0.7164030966794508;0.7116026362540268;;;;;;;;;;;;;;;;;;;;;;
T0 = 5;29500;3.929080099998828;0.0010082598587139936;0.7124571501018512;0.7108425534088092;;;;;;;;;;;;;;;;;;;;;;
T0 = 5;30000;4.009155299998383;0.00098330417003366;0.7107486308144544;0.7091668870660215;12.022857142857143;4.227737369481;22;3;3.2873563218390807;58.857142857142854;3.8279305224454214;9.96;13.57;0.7339719970523213;9.86111111111111;12.582733812949641;2.2893009513183844;15;81.392453975877;1123.6166666666666;738;-0.4415002038320424;84.33981576253838;0;0;0
T0 = 5;30500;4.064169899997069;0.0009589661657648671;0.7089399852309433;0.7062034923950528;;;;;;;;;;;;;;;;;;;;;;
T0 = 5;31000;4.165805499997077;0.000935230557448252;0.7065817865270453;0.7060880180022339;;;;;;;;;;;;;;;;;;;;;;
T0 = 5;31500;4.21237470000051;0.0009120824350328838;0.6991159962743498;0.698596813088487;;;;;;;;;;;;;;;;;;;;;;
T0 = 5;32000;4.264303500000096;0.0008895072575101834;0.6891188752596669;0.6878637641399701;;;;;;;;;;;;;;;;;;;;;;
T0 = 5;32500;4.311791399999493;0.0008674908437796649;0.6978054981522329;0.6872035233178612;;;;;;;;;;;;;;;;;;;;;;
T0 = 5;33000;4.3581508999996;0.0008460193637407614;0.6918943951803415;0.6872035233178612;;;;;;;;;;;;;;;;;;;;;;
T0 = 5;33500;4.415940700000647;0.0008250793296051396;0.6838020458995264;0.6826828278491851;;;;;;;;;;;;;;;;;;;;;;
T0 = 5;34000;4.4783180999984324;0.0008046575874240449;0.6770217767641405;0.6754083917959449;;;;;;;;;;;;;;;;;;;;;;
T0 = 5;34500;4.551941999998235;0.0007847413088253558;0.6817080563750646;0.6754083917959449;;;;;;;;;;;;;;;;;;;;;;
T0 = 5;35000;4.662038099999336;0.0007653179829551566;0.6766585862251896;0.6754083917959449;12.01142857142857;4.086197773590745;21;2;3.3160919540229883;57.142857142857146;3.671471489040506;9.986666666666666;13.53;0.7381128356738113;9.805555555555555;12.582733812949641;2.1281272564944773;13;81.77616988245731;1095.6166666666666;732;-0.23970648185894822;85.00511770726715;0;0;0
T0 = 5;35500;4.71115689999715;0.000746375408618765;0.6772247282967578;0.6754083917959449;;;;;;;;;;;;;;;;;;;;;;
T0 = 5;36000;4.758860099998856;0.0007279016866162805;0.6660709306981006;0.6660709306981006;;;;;;;;;;;;;;;;;;;;;;
T0 = 5;36500;4.811968300000444;0.0007098852122678375;0.6675617873270917;0.6646969626838067;;;;;;;;;;;;;;;;;;;;;;
T0 = 5;37000;4.857362399998237;0.0006923146681238662;0.6619856362108848;0.659798558325871;;;;;;;;;;;;;;;;;;;;;;
T0 = 5;37500;4.903416299999662;0.0006751790168557852;0.6583778575472705;0.6583778575472705;;;;;;;;;;;;;;;;;;;;;;
T0 = 5;38000;4.951091399998404;0.000658467494322658;0.6569659528868491;0.6569659528868491;;;;;;;;;;;;;;;;;;;;;;
T0 = 5;38500;4.996447499997885;0.0006421696028094576;0.6511958743063079;0.6511958743063079;;;;;;;;;;;;;;;;;;;;;;
T0 = 5;39000;5.144352999999683;0.0006262751044326932;0.6457514026626426;0.6448805678442525;;;;;;;;;;;;;;;;;;;;;;
T0 = 5;39500;5.202747699997417;0.0006107740147092561;0.644874802702589;0.644874802702589;;;;;;;;;;;;;;;;;;;;;;
T0 = 5;40000;5.247785499999736;0.0005956565962844438;0.649471633598607;0.6445095224323725;11.994285714285715;3.9518489601807447;20;3;3.086206896551724;61.714285714285715;3.493337568764722;10.053333333333333;13.45;0.7474597273853779;9.583333333333334;12.618705035971223;2.081299578776768;13;81.52223788594964;1114.1166666666666;736;-0.34610680799021604;86.43807574206755;0;0;0
T0 = 5;40500;5.292665199998737;0.0005809133528152238;0.6403295107388915;0.6403295107388915;;;;;;;;;;;;;;;;;;;;;;
T0 = 5;41000;5.346771199998329;0.0005665350230048948;0.6314803093629411;0.6314803093629411;;;;;;;;;;;;;;;;;;;;;;
T0 = 5;41500;5.397718500000337;0.0005525125747853965;0.633438449477883;0.6297053082795948;;;;;;;;;;;;;;;;;;;;;;
T0 = 5;42000;5.441700699997455;0.0005388371996436147;0.6276546651324519;0.6271941320125305;;;;;;;;;;;;;;;;;;;;;;
T0 = 5;42500;5.538016200000129;0.0005255003070881181;0.6212396978684351;0.6212396978684351;;;;;;;;;;;;;;;;;;;;;;
T0 = 5;43000;5.591537500000413;0.0005124935192528495;0.6181868024719517;0.6181622513916432;;;;;;;;;;;;;;;;;;;;;;
T0 = 5;43500;5.640609699999914;0.0004998086656343831;0.6174846328253396;0.6162035185022442;;;;;;;;;;;;;;;;;;;;;;
T0 = 5;44000;5.719897099999798;0.0004874377779594402;0.6045416953591742;0.6045416953591742;;;;;;;;;;;;;;;;;;;;;;
T0 = 5;44500;5.815457999997307;0.0004753730851794415;0.6005270362403197;0.6005270362403197;;;;;;;;;;;;;;;;;;;;;;
T0 = 5;45000;5.86513709999781;0.00046360700858894915;0.5942420634341294;0.5940370756164562;12.005714285714285;3.7819075199951566;19;2;2.925287356321839;56.0;3.237492229307344;10.066666666666666;13.46;0.7478949975235264;9.333333333333334;12.697841726618705;1.829416828196583;12;82.48714078049872;1044.1166666666666;726;-0.2857725234406849;86.79631525076766;0;0;0
T0 = 5;45500;5.910343600000488;0.00045213215706493506;0.5956421548769752;0.592845249927366;;;;;;;;;;;;;;;;;;;;;;
T0 = 5;46000;6.011158499997691;0.0004409413224238816;0.592011396588084;0.5918118687940908;;;;;;;;;;;;;;;;;;;;;;
T0 = 5;46500;6.058103100000153;0.00043002747489380124;0.5891837540100482;0.5891837540100482;;;;;;;;;;;;;;;;;;;;;;
T0 = 5;47000;6.104989399998885;0.000419383758698328;0.5870465579278306;0.5870465579278306;;;;;;;;;;;;;;;;;;;;;;
T0 = 5;47500;6.15545259999999;0.0004090034877501097;0.5860204794213725;0.5858004807983106;;;;;;;;;;;;;;;;;;;;;;
T0 = 5;48000;6.203377199999522;0.00039888014145079254;0.5788089857262724;0.5784447252547671;;;;;;;;;;;;;;;;;;;;;;
T0 = 5;48500;6.253432099998463;0.00038900736059496255;0.5801775586116066;0.5781665297275221;;;;;;;;;;;;;;;;;;;;;;
T0 = 5;49000;6.303482299997995;0.00037937894337546877;0.5801119334810454;0.5781665297275221;;;;;;;;;;;;;;;;;;;;;;
T0 = 5;49500;6.350243699998828;0.00036998884148762033;0.5820376188280161;0.5781665297275221;;;;;;;;;;;;;;;;;;;;;;
T0 = 5;50000;6.395128399999521;0.0003608311563298088;0.5800112346803533;0.5781665297275221;12.01142857142857;3.7538377641000515;19;2;2.913793103448276;58.285714285714285;3.227604139033616;10.013333333333334;13.51;0.7411793733037256;9.5;12.661870503597122;1.7887551070516081;12;83.40765231151804;978.6166666666667;720;-0.2971871178149205;86.28454452405322;0;0;0
T0 = 5;50500;6.479470399997808;0.0003519001352981704;0.5779448037706427;0.5760613191554494;;;;;;;;;;;;;;;;;;;;;;
T0 = 5;51000;6.646574499998678;0.0003431901681729597;0.5729965912595401;0.5729965912595401;;;;;;;;;;;;;;;;;;;;;;
T0 = 5;51500;6.720412099999521;0.00033469578359436553;0.5726652309505038;0.5704413941474837;;;;;;;;;;;;;;;;;;;;;;
T0 = 5;52000;6.763220299999375;0.00032641164562555386;0.5716565402251277;0.5704413941474837;;;;;;;;;;;;;;;;;;;;;;
T0 = 5;52500;6.809710300000006;0.0003183325504007807;0.570645213916448;0.5681893248462692;;;;;;;;;;;;;;;;;;;;;;
T0 = 5;53000;6.898939899998368;0.00031045342285646786;0.5654820178615881;0.5654717824470539;;;;;;;;;;;;;;;;;;;;;;
T0 = 5;53500;6.983496499997273;0.00030276931354318847;0.5627439253946174;0.5627439253946174;;;;;;;;;;;;;;;;;;;;;;
T0 = 5;54000;7.065772499998275;0.0002952753955165606;0.5618383487911135;0.5614742622137503;;;;;;;;;;;;;;;;;;;;;;
T0 = 5;54500;7.202074099997844;0.0002879669613050942;0.5663039792318676;0.5611322011222002;;;;;;;;;;;;;;;;;;;;;;
T0 = 5;55000;7.269207699999242;0.0002808394199530884;0.5639255937870445;0.5611322011222002;12.017142857142858;3.6870030969250207;19;1;2.9367816091954024;57.142857142857146;3.170339755583746;10.08;13.47;0.7483296213808462;9.527777777777779;12.661870503597122;1.7092459606442116;12;83.88259028784132;945.3666666666667;717;-0.3509987770077456;87.5639713408393;0;0;0
T0 = 5;55500;7.355227399999421;0.0002738882941367201;0.5630464706716494;0.5611322011222002;;;;;;;;;;;;;;;;;;;;;;
T0 = 5;56000;7.402554799999052;0.0002671092173515136;0.5603066566501048;0.5603066566501048;;;;;;;;;;;;;;;;;;;;;;
T0 = 5;56500;7.452921599997353;0.0002604979311694236;0.5562436247224561;0.5562436247224561;;;;;;;;;;;;;;;;;;;;;;
T0 = 5;57000;7.501045099998009;0.00025405028256380826;0.5540126255581833;0.5540126255581833;;;;;;;;;;;;;;;;;;;;;;
T0 = 5;57500;7.559584299997368;0.000247762221300614;0.5516646376317493;0.5516346823331939;;;;;;;;;;;;;;;;;;;;;;
T0 = 5;58000;7.606148499999108;0.0002416297973941299;0.5523365737106009;0.5513098656465981;;;;;;;;;;;;;;;;;;;;;;
T0 = 5;58500;7.6583114999993995;0.00023564915862571648;0.5473751839606769;0.5473751839606769;;;;;;;;;;;;;;;;;;;;;;
T0 = 5;59000;7.702404799998476;0.0002298165481239489;0.5415856432808366;0.5415856432808366;;;;;;;;;;;;;;;;;;;;;;
T0 = 5;59500;7.7953185999976995;0.00022412830200465455;0.5412347254773995;0.5411077640470725;;;;;;;;;;;;;;;;;;;;;;
T0 = 5;60000;7.850936799997726;0.00021858084706936236;0.5374374578074688;0.5368584848053145;12.005714285714285;3.680833978259574;19;3;2.7011494252873565;58.285714285714285;3.077547876572454;10.026666666666667;13.49;0.7432666172473438;9.222222222222221;12.726618705035971;1.54100654820584;11;84.21415939300587;922.3666666666667;715;-0.5629841011006931;87.00102354145343;0;0;0
T0 = 5;60500;7.919292899998254;0.00021317069856071887;0.5363338725842097;0.5363099899502964;;;;;;;;;;;;;;;;;;;;;;
T0 = 5;61000;7.975596199998108;0.00020789445797346012;0.5350856875030221;0.534291860142251;;;;;;;;;;;;;;;;;;;;;;
T0 = 5;61500;8.024040299998887;0.00020274881091956502;0.5344163466034966;0.5337523253163183;;;;;;;;;;;;;;;;;;;;;;
T0 = 5;62000;8.075914400000329;0.00019773052504624858;0.5296979816155883;0.5296979816155883;;;;;;;;;;;;;;;;;;;;;;
T0 = 5;62500;8.128173299999617;0.0001928364480054876;0.521814661477791;0.521814661477791;;;;;;;;;;;;;;;;;;;;;;
T0 = 5;63000;8.183451799999602;0.0001880635054738031;0.5183273417293744;0.5182693410470135;;;;;;;;;;;;;;;;;;;;;;
T0 = 5;63500;8.29049319999831;0.0001834086992210554;0.5168627480135481;0.5167907405120771;;;;;;;;;;;;;;;;;;;;;;
T0 = 5;64000;8.45693140000003;0.0001788691052270393;0.5163733909845729;0.5163733909845729;;;;;;;;;;;;;;;;;;;;;;
T0 = 5;64500;8.523271599999134;0.00017444187184469556;0.5148845905532152;0.5148845905532152;;;;;;;;;;;;;;;;;;;;;;
T0 = 5;65000;8.60247739999977;0.00017012421800878527;0.5143426168671352;0.5143426168671352;12.01142857142857;3.5083387544999884;19;3;2.7011494252873565;51.42857142857143;2.98527283978991;10.2;13.37;0.762902019446522;9.5;12.661870503597122;1.4190349781126967;11;85.15929994521811;857.8666666666667;707;-0.5193640440277212;87.35926305015353;0;0;0
T0 = 5;65500;8.714424499998131;0.00016591343148890185;0.5146411806263658;0.5143146811827239;;;;;;;;;;;;;;;;;;;;;;
T0 = 5;66000;8.764737399997102;0.00016180686718572315;0.5131713626921656;0.5130218673076246;;;;;;;;;;;;;;;;;;;;;;
T0 = 5;66500;8.809049100000266;0.00015780194546943335;0.5132085908233919;0.5129676882229353;;;;;;;;;;;;;;;;;;;;;;
T0 = 5;67000;8.856399799999053;0.00015389615055927096;0.5119086802767827;0.511860915008956;;;;;;;;;;;;;;;;;;;;;;
T0 = 5;67500;8.90961629999947;0.00015008702894318533;0.5102286865022263;0.5101596806258288;;;;;;;;;;;;;;;;;;;;;;
T0 = 5;68000;8.954832499999611;0.00014637218783660825;0.5094057707710662;0.5094057707710662;;;;;;;;;;;;;;;;;;;;;;
T0 = 5;68500;9.002335900000617;0.00014274929367937307;0.5076556275900586;0.5076556275900586;;;;;;;;;;;;;;;;;;;;;;
T0 = 5;69000;9.049225299997488;0.00013921607066983693;0.503741515213219;0.503741515213219;;;;;;;;;;;;;;;;;;;;;;
T0 = 5;69500;9.203988400000526;0.0001357702993352853;0.5037621676121149;0.5037178141491331;;;;;;;;;;;;;;;;;;;;;;
T0 = 5;70000;9.256407499997295;0.00013240981513772072;0.5020746638436802;0.5018607539599156;12.005714285714285;3.4583185722166743;19;3;2.586206896551724;50.857142857142854;2.8939843023928145;10.253333333333334;13.32;0.7697697697697697;9.305555555555555;12.70503597122302;1.3951039898187896;11;85.29642784949031;848.6166666666667;706;-0.6066041581736649;87.97338792221085;0;0;0
T0 = 5;70500;9.306335299999773;0.0001291325071141601;0.4991366418466102;0.4991366418466102;;;;;;;;;;;;;;;;;;;;;;
T0 = 5;71000;9.35557659999904;0.0001259363165505863;0.49914624593189283;0.49825802818025433;;;;;;;;;;;;;;;;;;;;;;
T0 = 5;71500;9.450684999999794;0.00012281923568872107;0.4971655210747179;0.4971655210747179;;;;;;;;;;;;;;;;;;;;;;
T0 = 5;72000;9.5216333999997;0.00011977930646480691;0.49557964191908144;0.4954339681322121;;;;;;;;;;;;;;;;;;;;;;
T0 = 5;72500;9.631942699998035;0.00011681461927960588;0.4923638282646921;0.4923638282646921;;;;;;;;;;;;;;;;;;;;;;
T0 = 5;73000;9.709162799998012;0.00011392331179884218;0.48690357117853156;0.48690357117853156;;;;;;;;;;;;;;;;;;;;;;
T0 = 5;73500;9.779522400000133;0.00011110356778333543;0.48564074982408756;0.48536542745311717;;;;;;;;;;;;;;;;;;;;;;
T0 = 5;74000;9.838772600000084;0.0001083536159480896;0.48288333330389877;0.48283897984091684;;;;;;;;;;;;;;;;;;;;;;
T0 = 5;74500;9.923860299997614;0.00010567172884962089;0.48146261846913974;0.48144214764007115;;;;;;;;;;;;;;;;;;;;;;
T0 = 5;75000;10.003553999998985;0.00010305622180082563;0.47927917968762207;0.47923823802948495;12.005714285714285;3.342363821963035;17;3;2.4367816091954024;45.142857142857146;2.743504061323473;10.333333333333334;13.26;0.7792860734037205;9.166666666666666;12.741007194244604;1.292060945777445;11;85.61661304814075;827.1166666666667;704;-0.6995515695067265;87.46161719549642;0;0;0
T0 = 5;75500;10.111738899999182;0.00010050545181270659;0.478024326905349;0.4779627367877627;;;;;;;;;;;;;;;;;;;;;;
T0 = 5;76000;10.182830800000374;9.801781656229279e-05;0.4758365742118128;0.4758126915778994;;;;;;;;;;;;;;;;;;;;;;
T0 = 5;76500;10.249978299998475;9.559175338610471e-05;0.4756195141232274;0.4751635291584172;;;;;;;;;;;;;;;;;;;;;;
T0 = 5;77000;10.317412000000331;9.322573829853238e-05;0.47443416653016107;0.47443416653016107;;;;;;;;;;;;;;;;;;;;;;
T0 = 5;77500;10.380878299998585;9.091828503450994e-05;0.4738973788981933;0.4738973788981933;;;;;;;;;;;;;;;;;;;;;;
T0 = 5;78000;10.433361100000184;8.866794411588504e-05;0.47355755287498735;0.47335046660091223;;;;;;;;;;;;;;;;;;;;;;
T0 = 5;78500;10.480040599999484;8.647330194089698e-05;0.4734622732146685;0.47311407600819333;;;;;;;;;;;;;;;;;;;;;;
T0 = 5;79000;10.60269739999785;8.433297989619119e-05;0.47140957718818655;0.47140957718818655;;;;;;;;;;;;;;;;;;;;;;
T0 = 5;79500;10.674614399998973;8.224563349081258e-05;0.4709198543358084;0.47082432380015504;;;;;;;;;;;;;;;;;;;;;;
T0 = 5;80000;10.75841070000024;8.020995151163369e-05;0.4694200165462892;0.46941319293659967;11.971428571428572;3.2433291034783056;17;3;2.32183908045977;43.42857142857143;2.6460356364759376;10.306666666666667;13.22;0.7796268280383257;9.194444444444445;12.690647482014388;1.2720294319550363;10;85.63150418877004;826.1166666666667;704;-0.8010599266204648;87.92221084953941;0;0;0
T0 = 5;80500;10.818177900000592;7.822465519968681e-05;0.4680088043087722;0.4680088043087722;;;;;;;;;;;;;;;;;;;;;;
T0 = 5;81000;10.89905109999745;7.628849744688315e-05;0.46520103209402985;0.46520103209402985;;;;;;;;;;;;;;;;;;;;;;
T0 = 5;81500;11.047244400000636;7.440026201261414e-05;0.4626540333262571;0.46260285954015007;;;;;;;;;;;;;;;;;;;;;;
T0 = 5;82000;11.208134999997128;7.255876275974273e-05;0.46162060218771317;0.46142098039844726;;;;;;;;;;;;;;;;;;;;;;
T0 = 5;82500;11.266317599998729;7.076284290950502e-05;0.4609770256293301;0.4609770256293301;;;;;;;;;;;;;;;;;;;;;;
T0 = 5;83000;11.338937199998327;6.901137431485387e-05;0.45859935321850187;0.45859935321850187;;;;;;;;;;;;;;;;;;;;;;
T0 = 5;83500;11.384889699998894;6.730325675178821e-05;0.4539905173313118;0.45396663469739845;;;;;;;;;;;;;;;;;;;;;;
T0 = 5;84000;11.481056799999351;6.563741722822286e-05;0.45171527663647876;0.451685089607299;;;;;;;;;;;;;;;;;;;;;;
T0 = 5;84500;11.526812599997356;6.401280930996462e-05;0.45185156345362565;0.45167269186534453;;;;;;;;;;;;;;;;;;;;;;
T0 = 5;85000;11.581886899999517;6.242841246337135e-05;0.4514497876372743;0.4514497876372743;11.971428571428572;3.2380392152016433;18;3;2.2701149425287355;42.285714285714285;2.5860289858198273;10.2;13.3;0.7669172932330827;9.13888888888889;12.70503597122302;1.1845601895648872;10;86.29986566205245;781.8666666666667;697;-0.9841011006930289;88.22927328556807;0;0;0
T0 = 5;85500;11.630902099997911;6.088323141428102e-05;0.45093519120583814;0.45093519120583814;;;;;;;;;;;;;;;;;;;;;;
T0 = 5;86000;11.681293499997992;5.937629552280814e-05;0.4501273663471167;0.4501273663471167;;;;;;;;;;;;;;;;;;;;;;
T0 = 5;86500;11.739568799999688;5.7906658173614606e-05;0.4497291666948323;0.4497291666948323;;;;;;;;;;;;;;;;;;;;;;
T0 = 5;87000;11.814245199999277;5.6473396181272264e-05;0.4499729732410581;0.449644095814027;;;;;;;;;;;;;;;;;;;;;;
T0 = 5;87500;11.88561689999915;5.507560921034343e-05;0.4499756317317292;0.449644095814027;;;;;;;;;;;;;;;;;;;;;;
T0 = 5;88000;11.955046200000652;5.371241920981508e-05;0.44981169662898274;0.449644095814027;;;;;;;;;;;;;;;;;;;;;;
T0 = 5;88500;12.00560140000016;5.23829698615316e-05;0.4485052747289586;0.4485052747289586;;;;;;;;;;;;;;;;;;;;;;
T0 = 5;89000;12.072374999999738;5.108642604227945e-05;0.44792576363161035;0.44792576363161035;;;;;;;;;;;;;;;;;;;;;;
T0 = 5;89500;12.126721699998598;4.982197329918591e-05;0.44683588143117575;0.44683588143117575;;;;;;;;;;;;;;;;;;;;;;
T0 = 5;90000;12.182127500000206;4.85888173381024e-05;0.4461998864309218;0.4461998864309218;11.971428571428572;3.1666630862851224;17;3;2.281609195402299;41.714285714285715;2.5627026418063403;10.24;13.27;0.771665410700829;9.305555555555555;12.661870503597122;1.191917777012889;10;86.59371246081275;762.6166666666667;694;-1.0917244190786792;88.53633572159673;0;0;0
T0 = 5;90500;12.230321200000617;4.738618352465091e-05;0.44596256435100945;0.44591852787861674;;;;;;;;;;;;;;;;;;;;;;
T0 = 5;91000;12.278468099997554;4.621331639762013e-05;0.4460819775205761;0.44591852787861674;;;;;;;;;;;;;;;;;;;;;;
T0 = 5;91500;12.363892599998508;4.506947919440573e-05;0.44572101438957196;0.44572101438957196;;;;;;;;;;;;;;;;;;;;;;
T0 = 5;92000;12.416208299997379;4.395395338819648e-05;0.44527550852038666;0.44527550852038666;;;;;;;;;;;;;;;;;;;;;;
T0 = 5;92500;12.462787799999205;4.286603823661562e-05;0.44533412255801075;0.44527550852038666;;;;;;;;;;;;;;;;;;;;;;
T0 = 5;93000;12.51617830000032;4.1805050341534e-05;0.4449605344682074;0.4449605344682074;;;;;;;;;;;;;;;;;;;;;;
T0 = 5;93500;12.565059999997175;4.0770323219778244e-05;0.443697272456241;0.443697272456241;;;;;;;;;;;;;;;;;;;;;;
T0 = 5;94000;12.614869999997609;3.976120688446456e-05;0.44331649479648044;0.44331649479648044;;;;;;;;;;;;;;;;;;;;;;
T0 = 5;94500;12.673791499997606;3.877706743669497e-05;0.4426586217477524;0.4426586217477524;;;;;;;;;;;;;;;;;;;;;;
T0 = 5;95000;12.728899800000363;3.781728666735963e-05;0.4422955198001929;0.44217576374901024;11.96;3.1466263112827906;17;3;2.2528735632183907;38.857142857142854;2.5103988092123632;10.186666666666667;13.29;0.7664910960622022;9.25;12.661870503597122;1.2053089311713845;10;86.72769953051643;753.8666666666667;693;-1.0799021606196495;87.92221084953941;0;0;0
T0 = 5;95500;12.7931224999993;3.6881261668794984e-05;0.4421978476191651;0.44217576374901024;;;;;;;;;;;;;;;;;;;;;;
T0 = 5;96000;12.896828099997947;3.5968404456053906e-05;0.4417837784349502;0.44178377843495026;;;;;;;;;;;;;;;;;;;;;;
T0 = 5;96500;12.965715199999977;3.507814159754986e-05;0.4417467343554009;0.44167214837314617;;;;;;;;;;;;;;;;;;;;;;
T0 = 5;97000;13.02866129999893;3.4209913854843074e-05;0.4412895580573538;0.441170771707983;;;;;;;;;;;;;;;;;;;;;;
T0 = 5;97500;13.186313199999859;3.336317583134245e-05;0.44106579957817904;0.44106579957817904;;;;;;;;;;;;;;;;;;;;;;
T0 = 5;98000;13.241887699998188;3.253739562970261e-05;0.4411535470060698;0.44106579957817904;;;;;;;;;;;;;;;;;;;;;;
T0 = 5;98500;13.349947099999554;3.173205451770061e-05;0.44112008329169905;0.44106579957817904;;;;;;;;;;;;;;;;;;;;;;
T0 = 5;99000;13.40094169999793;3.0946646602382875e-05;0.4405380067181985;0.4405380067181985;;;;;;;;;;;;;;;;;;;;;;
T0 = 5;99500;13.455312199999753;3.0180678512277202e-05;0.44069836154590225;0.4405380067181985;;;;;;;;;;;;;;;;;;;;;;
T0 = 5;100000;13.514831099997537;2.9433669087470505e-05;0.44028115683258096;0.44028115683258096;11.96;3.1629281189610183;17;3;2.264367816091954;38.285714285714285;2.4845711315996404;10.16;13.31;0.763335837716003;9.13888888888889;12.690647482014388;1.2048555091930822;10;86.72769953051643;753.8666666666667;693;-1.0428047289033837;88.48515864892528;0;0;0
T0 = 5;100500;13.628247900000133;2.8705149077357488e-05;0.43929988178482426;0.4392998817848242;;;;;;;;;;;;;;;;;;;;;;
T0 = 5;101000;13.693078899999819;2.7994660845870427e-05;0.43936470607687467;0.4392998817848242;;;;;;;;;;;;;;;;;;;;;;
T0 = 5;101500;13.797098600000027;2.7301758084004908e-05;0.4391479368850789;0.4391206424463209;;;;;;;;;;;;;;;;;;;;;;
T0 = 5;102000;13.89492849999806;2.662600552946086e-05;0.4384869357190543;0.4384869357190543;;;;;;;;;;;;;;;;;;;;;;
T0 = 5;102500;13.966777699999511;2.5966978693222854e-05;0.4377536232734079;0.43775362327340794;;;;;;;;;;;;;;;;;;;;;;
T0 = 5;103000;14.029861600000004;2.532426359290788e-05;0.4373001291122035;0.43730012911220356;;;;;;;;;;;;;;;;;;;;;;
T0 = 5;103500;14.088595999997779;2.4697456492713107e-05;0.43714154235413866;0.43714154235413866;;;;;;;;;;;;;;;;;;;;;;
T0 = 5;104000;14.154857399997127;2.4086163649800213e-05;0.43679305288819986;0.43679305288819986;;;;;;;;;;;;;;;;;;;;;;
T0 = 5;104500;14.256833399998868;2.3490001066957087e-05;0.43617358347964036;0.4361735834796404;;;;;;;;;;;;;;;;;;;;;;
T0 = 5;105000;14.315987399997539;2.2908594251381415e-05;0.43540932722762693;0.43540932722762676;11.954285714285714;3.1201046554922622;17;3;2.160919540229885;36.0;2.4339981238468646;10.2;13.27;0.7686510926902788;9.083333333333334;12.697841726618705;1.1974633389767844;10;86.80851688693099;748.6166666666667;692;-1.1019160211985324;88.48515864892528;0;0;0
T0 = 5;105500;14.364167699997779;2.234157797943468e-05;0.43444644924657355;0.43444644924657355;;;;;;;;;;;;;;;;;;;;;;
T0 = 5;106000;14.410647999997309;2.178859606721881e-05;0.4335888670803776;0.4335888670803776;;;;;;;;;;;;;;;;;;;;;;
T0 = 5;106500;14.46192130000054;2.1249301146831335e-05;0.43349286282039406;0.43349286282039406;;;;;;;;;;;;;;;;;;;;;;
T0 = 5;107000;14.506327600000077;2.072335444815849e-05;0.4325550698232761;0.4325550698232761;;;;;;;;;;;;;;;;;;;;;;
T0 = 5;107500;14.555095699997764;2.0210425586069232e-05;0.4322912503374191;0.43224007326474756;;;;;;;;;;;;;;;;;;;;;;
T0 = 5;108000;14.611658399997395;1.9710192352876458e-05;0.4321846301577198;0.4321846301577198;;;;;;;;;;;;;;;;;;;;;;
T0 = 5;108500;14.721207599999616;1.922234051593508e-05;0.4318644951106342;0.43186449511063413;;;;;;;;;;;;;;;;;;;;;;
T0 = 5;109000;14.768669599998248;1.8746563620249786e-05;0.43145180933631866;0.43145180933631866;;;;;;;;;;;;;;;;;;;;;;
T0 = 5;109500;14.812539599999582;1.828256279596851e-05;0.43148853956293476;0.43145180933631866;;;;;;;;;;;;;;;;;;;;;;
T0 = 5;110000;14.85801580000043;1.783004657064067e-05;0.4294800303610015;0.4294800303610015;11.954285714285714;3.079549397200168;17;3;2.1149425287356323;36.0;2.3908042380438106;10.24;13.24;0.7734138972809668;9.083333333333334;12.697841726618705;1.1705233835606752;10;86.88181524262998;743.8666666666667;691;-1.1296371789645332;88.79222108495394;0;0;0
T0 = 5;110500;14.90916649999781;1.738873068612227e-05;0.4290051801960377;0.42900518019603784;;;;;;;;;;;;;;;;;;;;;;
T0 = 5;111000;14.957414799999242;1.6958337920012833e-05;0.4287834128811282;0.4287834128811282;;;;;;;;;;;;;;;;;;;;;;
T0 = 5;111500;15.004292099998565;1.6538597911511927e-05;0.4287834128811282;0.4287834128811282;;;;;;;;;;;;;;;;;;;;;;
T0 = 5;112000;15.051248399999167;1.6129246991586052e-05;0.4280735437439095;0.4280735437439095;;;;;;;;;;;;;;;;;;;;;;
T0 = 5;112500;15.281186000000162;1.573002801733905e-05;0.42766239518553273;0.42766239518553273;;;;;;;;;;;;;;;;;;;;;;
T0 = 5;113000;15.34455909999815;1.5340690210482066e-05;0.4275163233946795;0.42751632339467954;;;;;;;;;;;;;;;;;;;;;;
T0 = 5;113500;15.416773499997362;1.4960988999801589e-05;0.42711526320827875;0.42709138057436535;;;;;;;;;;;;;;;;;;;;;;
T0 = 5;114000;15.464340499998798;1.4590685867526586e-05;0.4270470271113834;0.4270470271113834;;;;;;;;;;;;;;;;;;;;;;
T0 = 5;114500;15.513700899999094;1.4229548199498265e-05;0.4267846010147448;0.4267846010147448;;;;;;;;;;;;;;;;;;;;;;
T0 = 5;115000;15.611710400000447;1.3877349139048304e-05;0.42641132595546505;0.42641132595546505;11.948571428571428;3.0486879078029085;16;3;2.1494252873563218;34.857142857142854;2.3759636187911295;10.24;13.23;0.7739984882842026;9.13888888888889;12.676258992805755;1.1423508689629926;10;86.9475572810965;739.6166666666667;690;-1.172849571952711;88.58751279426816;0;0;0
T0 = 5;115500;15.663456700000097;1.3533867444493784e-05;0.4263226190295012;0.4263226190295012;;;;;;;;;;;;;;;;;;;;;;
T0 = 5;116000;15.712723099997675;1.31988873501593e-05;0.42618609004098273;0.42618609004098273;;;;;;;;;;;;;;;;;;;;;;
T0 = 5;116500;15.763593600000604;1.2872198430838946e-05;0.42483064692501016;0.42483064692501016;;;;;;;;;;;;;;;;;;;;;;
T0 = 5;117000;15.818658599997434;1.2553595469613036e-05;0.4243188922729507;0.4243188922729507;;;;;;;;;;;;;;;;;;;;;;
T0 = 5;117500;15.863581999998132;1.2242878328936532e-05;0.4243257158826403;0.4243188922729507;;;;;;;;;;;;;;;;;;;;;;
T0 = 5;118000;15.911118199997873;1.1939851824918176e-05;0.4241934064387419;0.4241934064387419;;;;;;;;;;;;;;;;;;;;;;
T0 = 5;118500;15.961385799997515;1.1644325604711393e-05;0.4235680890769534;0.4235680890769534;;;;;;;;;;;;;;;;;;;;;;
T0 = 5;119000;16.04848850000053;1.135611402693991e-05;0.42342479327347343;0.42342479327347343;;;;;;;;;;;;;;;;;;;;;;
T0 = 5;119500;16.096435100000235;1.1075036045082983e-05;0.42298195974595393;0.42298195974595393;;;;;;;;;;;;;;;;;;;;;;
T0 = 5;120000;16.148363599997538;1.0800915093747e-05;0.42215124655396397;0.42215124655396397;11.942857142857143;3.009915586313791;16;3;2.086206896551724;34.857142857142854;2.3564063140821094;10.253333333333334;13.21;0.7761796618723189;9.194444444444445;12.654676258992806;1.1350932041910344;10;87.05951644727155;732.3666666666667;689;-1.2401141459437424;88.99692937563971;0;0;0
T0 = 5;120500;16.20215409999946;1.0533578977752e-05;0.42184093768188846;0.42184093768188846;;;;;;;;;;;;;;;;;;;;;;
T0 = 5;121000;16.275613999998313;1.027285976396343e-05;0.4215656721056461;0.4215656721056461;;;;;;;;;;;;;;;;;;;;;;
T0 = 5;121500;16.339965899998788;1.0018593675801214e-05;0.42080067735796695;0.42080067735796695;;;;;;;;;;;;;;;;;;;;;;
T0 = 5;122000;16.38794909999706;9.770620990359835e-06;0.42012865610496686;0.42012865610496686;;;;;;;;;;;;;;;;;;;;;;
T0 = 5;122500;16.47816469999816;9.528785938074849e-06;0.4195488093081525;0.4195488093081525;;;;;;;;;;;;;;;;;;;;;;
T0 = 5;123000;16.531761300000653;9.292936604872752e-06;0.4192122144933438;0.4192122144933438;;;;;;;;;;;;;;;;;;;;;;
T0 = 5;123500;16.58649279999736;9.062924836742781e-06;0.41858146228191156;0.41858146228191156;;;;;;;;;;;;;;;;;;;;;;
T0 = 5;124000;16.645156999999017;8.838606146670672e-06;0.41844915283801315;0.41844915283801315;;;;;;;;;;;;;;;;;;;;;;
alpha = 0,998;500;0.5291245999978855;0.00043794176431375455;0.9592354520528936;0.9589158629224181;;;;;;;;;;;;;;;;;;;;;;
alpha = 0,998;1000;0.5830567999983032;0.00043357982934086976;0.920514957912298;0.920514957912298;;;;;;;;;;;;;;;;;;;;;;
alpha = 0,998;1500;0.6853798999982246;0.00042926133958892085;0.8751675330827617;0.8746339473650449;;;;;;;;;;;;;;;;;;;;;;
alpha = 0,998;2000;0.7465410999975575;0.00042498586234003517;0.8537799736294589;0.8537799736294589;;;;;;;;;;;;;;;;;;;;;;
alpha = 0,998;2500;0.8026242999985698;0.0004207529691862447;0.8274049053467363;0.8274049053467363;;;;;;;;;;;;;;;;;;;;;;
alpha = 0,998;3000;0.8520948999976099;0.00041656223598655895;0.8094916511110204;0.8094795544633651;;;;;;;;;;;;;;;;;;;;;;
alpha = 0,998;3500;0.9158425999994506;0.0004124132428244656;0.7915555087701628;0.7915555087701628;;;;;;;;;;;;;;;;;;;;;;
alpha = 0,998;4000;0.9733541999994486;0.00040830557396585437;0.77116635762212;0.77116635762212;;;;;;;;;;;;;;;;;;;;;;
alpha = 0,998;4500;1.0296465999999782;0.00040423881781735996;0.7586793061863097;0.7586793061863097;;;;;;;;;;;;;;;;;;;;;;
alpha = 0,998;5000;1.1219452999976056;0.00040021256688511984;0.738712421192244;0.7376835009640974;12.062857142857142;4.3466299401645285;20;1;3.2528735632183907;65.14285714285714;3.996820524935199;9.96;13.64;0.7302052785923754;10.083333333333334;12.575539568345324;2.394042420123431;14;81.97654382746929;1080.8666666666666;733;-0.19282511210762332;37.51279426816786;0;0;0
alpha = 0,998;5500;1.1758934999998019;0.0003962264177339429;0.7247777461031955;0.7237683249969564;;;;;;;;;;;;;;;;;;;;;;
alpha = 0,998;6000;1.2609330999985104;0.0003922799709468848;0.7132492987343899;0.7122754678196093;;;;;;;;;;;;;;;;;;;;;;
alpha = 0,998;6500;1.3158041999995476;0.000388372831085226;0.7021740660979597;0.7020584976831934;;;;;;;;;;;;;;;;;;;;;;
alpha = 0,998;7000;1.3740335999973468;0.00038450460664884805;0.6933801217741036;0.6910010053551506;;;;;;;;;;;;;;;;;;;;;;
alpha = 0,998;7500;1.4280978999995568;0.00038067491003700507;0.6873544055608954;0.6870074352881851;;;;;;;;;;;;;;;;;;;;;;
alpha = 0,998;8000;1.4882075999994413;0.00037688335750948556;0.6823079987001379;0.6801315167749199;;;;;;;;;;;;;;;;;;;;;;
alpha = 0,998;8500;1.581672799999069;0.0003731295691481611;0.6721678784604964;0.6721678784604964;;;;;;;;;;;;;;;;;;;;;;
alpha = 0,998;9000;1.634177299998555;0.00036941316881891834;0.6687637113997953;0.6687637113997953;;;;;;;;;;;;;;;;;;;;;;
alpha = 0,998;9500;1.6845304999988002;0.0003657337841339697;0.6615597661709559;0.66069946015421;;;;;;;;;;;;;;;;;;;;;;
alpha = 0,998;10000;1.7398744999991322;0.0003620910464145397;0.6543711300652045;0.6543711300652045;12.08;4.168507783710754;20;1;3.1379310344827585;66.28571428571429;3.7088294236867827;10.026666666666667;13.62;0.7361722956436614;9.63888888888889;12.712230215827338;1.9372013651548576;12;82.80658921254981;1021.1166666666667;726;-0.2531593966571545;56.397134083930396;0;0;0
alpha = 0,998;10500;1.7996427999969455;0.0003584845906539228;0.6424677897575937;0.6420969368509699;;;;;;;;;;;;;;;;;;;;;;
alpha = 0,998;11000;1.8509505999973044;0.00035491405548090975;0.6407650418656097;0.6402127556682058;;;;;;;;;;;;;;;;;;;;;;
alpha = 0,998;11500;1.8995918999971764;0.0003513790831235773;0.6364438079956848;0.6364438079956848;;;;;;;;;;;;;;;;;;;;;;
alpha = 0,998;12000;1.9934785000004922;0.0003478793193734388;0.6300531103369976;0.6300531103369976;;;;;;;;;;;;;;;;;;;;;;
alpha = 0,998;12500;2.0525075000005018;0.00034441441354995304;0.6274835404649887;0.6274835404649887;;;;;;;;;;;;;;;;;;;;;;
alpha = 0,998;13000;2.1119031999987783;0.00034098401846538456;0.6179459734904764;0.6179459734904764;;;;;;;;;;;;;;;;;;;;;;
alpha = 0,998;13500;2.1643193999989307;0.0003375877903900156;0.6110777810840411;0.6101477022150126;;;;;;;;;;;;;;;;;;;;;;
alpha = 0,998;14000;2.2157463999974425;0.00033422538901770407;0.6121781896371546;0.609298342545323;;;;;;;;;;;;;;;;;;;;;;
alpha = 0,998;14500;2.266377599997213;0.0003308964774317839;0.6145428195054953;0.609298342545323;;;;;;;;;;;;;;;;;;;;;;
alpha = 0,998;15000;2.3159282999986317;0.0003276007220713063;0.6124912514888959;0.609298342545323;12.04;3.966084791255549;20;1;3.0;59.42857142857143;3.475316374050397;10.093333333333334;13.5;0.7476543209876544;9.472222222222221;12.70503597122302;1.8501694072702266;12;83.42179639364649;977.6166666666667;720;-0.35670607419486344;66.93961105424769;0;0;0
alpha = 0,998;15500;2.4784361999991233;0.0003243377926976159;0.6068007180440468;0.6067358937519962;;;;;;;;;;;;;;;;;;;;;;
alpha = 0,998;16000;2.52281579999908;0.00032110736236126084;0.6061972355163477;0.6046792567420429;;;;;;;;;;;;;;;;;;;;;;
alpha = 0,998;16500;2.582483999998658;0.00031790910736923195;0.606515664004827;0.6046792567420429;;;;;;;;;;;;;;;;;;;;;;
alpha = 0,998;17000;2.6333632999994734;0.00031474270725252837;0.598864474090425;0.5982764024353542;;;;;;;;;;;;;;;;;;;;;;
alpha = 0,998;17500;2.6912999999985914;0.00031160784473404594;0.5958109172603441;0.5953190080711566;;;;;;;;;;;;;;;;;;;;;;
alpha = 0,998;18000;2.754709599998023;0.0003085042056967859;0.5927609431237368;0.5913173285461134;;;;;;;;;;;;;;;;;;;;;;
alpha = 0,998;18500;2.807244699997682;0.00030543147915237993;0.5902845527800249;0.5902845527800249;;;;;;;;;;;;;;;;;;;;;;
alpha = 0,998;19000;2.878544499999407;0.0003023893572099286;0.590266271917068;0.5883555258338506;;;;;;;;;;;;;;;;;;;;;;
alpha = 0,998;19500;2.9754329999996116;0.00029937753504515063;0.5858706408816052;0.5857264996935823;;;;;;;;;;;;;;;;;;;;;;
alpha = 0,998;20000;3.023672399998759;0.0002963957108698387;0.5821262261295318;0.5821262261295318;12.034285714285714;3.7643396580575046;19;1;2.8505747126436782;60.0;3.3139488200871443;10.12;13.47;0.7512991833704528;9.722222222222221;12.633093525179856;1.7629863952918896;12;83.8182850653038;949.8666666666667;717;-0.4594374235629841;72.31320368474923;0;0;0
alpha = 0,998;20500;3.0746144999975513;0.00029344358590162046;0.579332266097977;0.5791654203384609;;;;;;;;;;;;;;;;;;;;;;
alpha = 0,998;21000;3.1247283999982756;0.0002905208643340195;0.575569098836904;0.5749356112806159;;;;;;;;;;;;;;;;;;;;;;
alpha = 0,998;21500;3.17889920000016;0.0002876272533068159;0.5757497770448504;0.5746178412196767;;;;;;;;;;;;;;;;;;;;;;
alpha = 0,998;22000;3.2230863999975554;0.0002847624628767007;0.575438661342394;0.5743526196609468;;;;;;;;;;;;;;;;;;;;;;
alpha = 0,998;22500;3.2740960999981326;0.00028192620598822365;0.5684238447075595;0.5684170210978698;;;;;;;;;;;;;;;;;;;;;;
alpha = 0,998;23000;3.3766039999973145;0.0002791181984450295;0.5650091923611125;0.5640831452645394;;;;;;;;;;;;;;;;;;;;;;
alpha = 0,998;23500;3.4300702000000456;0.0002763381588813816;0.5632038258311777;0.5614871833065562;;;;;;;;;;;;;;;;;;;;;;
alpha = 0,998;24000;3.4770236000003933;0.00027358580873396854;0.5616272917752563;0.561190222270713;;;;;;;;;;;;;;;;;;;;;;
alpha = 0,998;24500;3.5349088000002666;0.00027086087221399156;0.5579334841417272;0.5579334841417272;;;;;;;;;;;;;;;;;;;;;;
alpha = 0,998;25000;3.6190662999979395;0.0002681630762795306;0.5561418866034992;0.5561418866034992;12.017142857142858;3.6260553706500964;18;1;2.718390804597701;61.142857142857146;3.1603478651009356;10.16;13.41;0.7576435495898584;9.666666666666666;12.62589928057554;1.6620407994024973;12;83.9613196814562;939.8666666666667;717;-0.6139421116999593;76.45854657113613;0;0;0
alpha = 0,998;25500;3.674968799998169;0.00026549215060818487;0.5522717271662061;0.5522717271662061;;;;;;;;;;;;;;;;;;;;;;
alpha = 0,998;26000;3.7255213999997068;0.0002628478275699862;0.5533603887472245;0.5522597230598241;;;;;;;;;;;;;;;;;;;;;;
alpha = 0,998;26500;3.843357099998684;0.00026022984220058234;0.5484420636386945;0.5482795729386145;;;;;;;;;;;;;;;;;;;;;;
alpha = 0,998;27000;3.8978956999999355;0.0002576379321746872;0.5482016333195521;0.5476242460395795;;;;;;;;;;;;;;;;;;;;;;
alpha = 0,998;27500;3.9681598999995913;0.0002550718377797956;0.5463779370659831;0.5463101339190435;;;;;;;;;;;;;;;;;;;;;;
alpha = 0,998;28000;4.034685799997533;0.0002525313018901594;0.5444618634834721;0.5434650878919577;;;;;;;;;;;;;;;;;;;;;;
alpha = 0,998;28500;4.2374736999991;0.00025001606994102366;0.5421136745996308;0.5414182710960521;;;;;;;;;;;;;;;;;;;;;;
alpha = 0,998;29000;4.334785600000032;0.00024752588990311876;0.5399736236219631;0.5399736236219631;;;;;;;;;;;;;;;;;;;;;;
alpha = 0,998;29500;4.461229900000035;0.0002450605122574067;0.5416637889227421;0.5393154316840659;;;;;;;;;;;;;;;;;;;;;;
alpha = 0,998;30000;4.511014399999112;0.00024261968997007894;0.540596131408304;0.5393154316840659;11.96;3.5413637405464495;18;1;2.6551724137931036;53.714285714285715;3.072344146432933;10.133333333333333;13.33;0.7601900475118779;9.61111111111111;12.568345323741006;1.6157817401454462;11;84.45102245102245;906.1166666666667;712;-0.7154504688136976;79.2732855680655;0;0;0
alpha = 0,998;30500;4.557971799997176;0.00024020317846780355;0.5402496775640939;0.5393154316840659;;;;;;;;;;;;;;;;;;;;;;
alpha = 0,998;31000;4.599155799998698;0.0002378107356132185;0.5375811351948582;0.5375811351948582;;;;;;;;;;;;;;;;;;;;;;
alpha = 0,998;31500;4.645015499998408;0.00023544212168066922;0.5364828265382112;0.5364121445901094;;;;;;;;;;;;;;;;;;;;;;
alpha = 0,998;32000;4.688787399998546;0.00023309709933218786;0.5354600924821306;0.5349962065387548;;;;;;;;;;;;;;;;;;;;;;
alpha = 0,998;32500;4.783051099999284;0.00023077543359371162;0.5373930507118321;0.5348476649695028;;;;;;;;;;;;;;;;;;;;;;
alpha = 0,998;33000;4.831282899998769;0.00022847689183153822;0.5342681922895859;0.5339078386493925;;;;;;;;;;;;;;;;;;;;;;
alpha = 0,998;33500;4.878040100000362;0.0002262012437290156;0.5292328849394127;0.5292328849394127;;;;;;;;;;;;;;;;;;;;;;
alpha = 0,998;34000;4.935595499999181;0.00022394826126346398;0.5288908777305861;0.5287190219047216;;;;;;;;;;;;;;;;;;;;;;
alpha = 0,998;34500;4.983468399997946;0.00022171771868332768;0.5280172524993484;0.5280172524993484;;;;;;;;;;;;;;;;;;;;;;
alpha = 0,998;35000;5.035358199998882;0.00021950939248555458;0.526461462715744;0.5259088348441614;11.96;3.5574629804318216;18;1;2.5632183908045976;54.857142857142854;3.039023763292922;10.146666666666667;13.32;0.7617617617617617;9.416666666666666;12.618705035971223;1.5218285134836584;11;84.73157154744484;886.8666666666667;711;-0.7582551977170812;79.63152507676561;0;0;0
alpha = 0,998;35500;5.0807122999976855;0.00021732306139320078;0.5278784932152978;0.5258971707544242;;;;;;;;;;;;;;;;;;;;;;
alpha = 0,998;36000;5.1282232999983535;0.00021515850633325846;0.5271621545842897;0.5258971707544242;;;;;;;;;;;;;;;;;;;;;;
alpha = 0,998;36500;5.249348499997723;0.0002130155104147045;0.5262854220486359;0.5258971707544242;;;;;;;;;;;;;;;;;;;;;;
alpha = 0,998;37000;5.350162499998987;0.00021089385890676762;0.5249675957346494;0.5249675957346494;;;;;;;;;;;;;;;;;;;;;;
alpha = 0,998;37500;5.444080999997823;0.00020879333921741222;0.5217885595821062;0.5215742788007847;;;;;;;;;;;;;;;;;;;;;;
alpha = 0,998;38000;5.5258138999997755;0.00020671374087203643;0.5195035312147686;0.5192043262098849;;;;;;;;;;;;;;;;;;;;;;
alpha = 0,998;38500;5.641550500000449;0.00020465485549238214;0.5183800877241534;0.5179337568437747;;;;;;;;;;;;;;;;;;;;;;
alpha = 0,998;39000;5.731535399998393;0.00020261647677565541;0.5179190190362506;0.5176650586108643;;;;;;;;;;;;;;;;;;;;;;
alpha = 0,998;39500;5.783981299999141;0.0002005984004738546;0.5124440915639941;0.5124440915639941;;;;;;;;;;;;;;;;;;;;;;
alpha = 0,998;40000;5.830693299998529;0.0001986004243733044;0.5121678877589121;0.5113621053397243;11.937142857142858;3.4742387214867017;18;1;2.4827586206896552;53.142857142857146;2.926156279381647;10.16;13.27;0.7656367746797288;9.277777777777779;12.62589928057554;1.4882459585222636;11;85.04160548213412;865.8666666666667;707;-0.6681614349775785;81.26919140225179;0;0;0
alpha = 0,998;40500;5.890194699997664;0.000196622348274394;0.5115412210807987;0.5113621053397243;;;;;;;;;;;;;;;;;;;;;;
alpha = 0,998;41000;5.972021499997936;0.00019466397397151667;0.5119465716426144;0.5111174694337509;;;;;;;;;;;;;;;;;;;;;;
alpha = 0,998;41500;6.0413350999988324;0.00019272510523320934;0.5093395092964011;0.5092411398116625;;;;;;;;;;;;;;;;;;;;;;
alpha = 0,998;42000;6.154171199999837;0.00019080554778248997;0.5097595886027018;0.5090853926248916;;;;;;;;;;;;;;;;;;;;;;
alpha = 0,998;42500;6.225022499998886;0.00018890510927739088;0.5076129781781287;0.5072183988837149;;;;;;;;;;;;;;;;;;;;;;
alpha = 0,998;43000;6.307461699998385;0.0001870235992916857;0.5061146616220624;0.5057114315738496;;;;;;;;;;;;;;;;;;;;;;
alpha = 0,998;43500;6.483830699999089;0.00018516082929580848;0.503963257565306;0.5037466707470889;;;;;;;;;;;;;;;;;;;;;;
alpha = 0,998;44000;6.601964199999202;0.00018331661263796284;0.5037680009507324;0.5022191109906481;;;;;;;;;;;;;;;;;;;;;;
alpha = 0,998;44500;6.647606200000155;0.00018149076452541918;0.5041780297587293;0.5022191109906481;;;;;;;;;;;;;;;;;;;;;;
alpha = 0,998;45000;6.703708499997447;0.0001796831020059983;0.5039975761634408;0.5022191109906481;11.90857142857143;3.3878245382606247;17;1;2.425287356321839;52.0;2.8797319077473142;10.12;13.25;0.7637735849056603;9.444444444444445;12.546762589928058;1.4757100328607893;11;85.25644355932693;851.3666666666667;705;-0.8116591928251121;82.03684749232345;0;0;0
alpha = 0,998;45500;6.750503999999637;0.00017789344394973926;0.5037026067444639;0.5022191109906481;;;;;;;;;;;;;;;;;;;;;;
alpha = 0,998;46000;6.799295400000119;0.00017612161103075012;0.5010508903446109;0.5010133604913185;;;;;;;;;;;;;;;;;;;;;;
alpha = 0,998;46500;6.8474490999979025;0.00017436742570923905;0.5010460539499959;0.5006891478611926;;;;;;;;;;;;;;;;;;;;;;
alpha = 0,998;47000;6.89567569999781;0.0001726307122137248;0.5001831238057902;0.5001831238057902;;;;;;;;;;;;;;;;;;;;;;
alpha = 0,998;47500;6.951749599997129;0.00017091129652342405;0.4992214761285487;0.4991941816897906;;;;;;;;;;;;;;;;;;;;;;
alpha = 0,998;48000;7.044956199999433;0.00016920900635081443;0.4997487998068231;0.49869888620509106;;;;;;;;;;;;;;;;;;;;;;
alpha = 0,998;48500;7.089359999998123;0.00016752367112437107;0.4988265786369562;0.49869888620509106;;;;;;;;;;;;;;;;;;;;;;
alpha = 0,998;49000;7.13738199999716;0.00016585512197147517;0.49793744053156197;0.49751690432926254;;;;;;;;;;;;;;;;;;;;;;
alpha = 0,998;49500;7.184851499998331;0.00016420319170149262;0.49734751426620305;0.49734751426620305;;;;;;;;;;;;;;;;;;;;;;
alpha = 0,998;50000;7.232049999998708;0.00016256771478902142;0.49489034173569724;0.49489034173569724;11.93142857142857;3.410217540490546;17;1;2.4942528735632186;52.0;2.853037818128402;10.226666666666667;13.21;0.774160989149634;9.222222222222221;12.633093525179856;1.4735794438362095;11;85.85796065440385;811.1166666666667;700;-0.9001222992254383;83.1627430910952;0;0;0
alpha = 0,998;50500;7.287925099997665;0.00016094852735730578;0.49245084474093004;0.49245084474093004;;;;;;;;;;;;;;;;;;;;;;
alpha = 0,998;51000;7.335969699997804;0.00015934546716181555;0.4924408620251999;0.4924408620251999;;;;;;;;;;;;;;;;;;;;;;
alpha = 0,998;51500;7.391652700000122;0.00015775837357398905;0.4930517748230726;0.4924408620251999;;;;;;;;;;;;;;;;;;;;;;
alpha = 0,998;52000;7.434542599999986;0.00015618708756513785;0.49251498436948327;0.4924408620251999;;;;;;;;;;;;;;;;;;;;;;
alpha = 0,998;52500;7.536384799997904;0.00015463145169051205;0.4924238772821735;0.4922213178868256;;;;;;;;;;;;;;;;;;;;;;
alpha = 0,998;53000;7.605389299998933;0.000153091310073524;0.4935387782308157;0.4922213178868256;;;;;;;;;;;;;;;;;;;;;;
alpha = 0,998;53500;7.659103999998479;0.0001515665083901293;0.4915007234566737;0.4915007234566737;;;;;;;;;;;;;;;;;;;;;;
alpha = 0,998;54000;7.71237569999721;0.00015005689385336337;0.48968125752625247;0.4896334922584258;;;;;;;;;;;;;;;;;;;;;;
alpha = 0,998;54500;7.776152499998716;0.0001485623151980321;0.48712163919413126;0.4867242998353996;;;;;;;;;;;;;;;;;;;;;;
alpha = 0,998;55000;7.8316663000005065;0.00014708262266555474;0.485644489743687;0.48539217605657137;11.937142857142858;3.340067211837486;18;1;2.413793103448276;50.285714285714285;2.7758734966363425;10.2;13.24;0.7703927492447129;9.277777777777779;12.62589928057554;1.4337830721408975;11;85.97474394785847;803.3666666666667;699;-0.7973909498573176;84.5957011258956;0;0;0
alpha = 0,998;55500;7.880327999999281;0.0001456176679889579;0.4862487783336568;0.48520031619037896;;;;;;;;;;;;;;;;;;;;;;
alpha = 0,998;56000;7.968410399997083;0.00014416730437801919;0.4856102324759324;0.48520031619037896;;;;;;;;;;;;;;;;;;;;;;
alpha = 0,998;56500;8.021121999998286;0.00014273138650455853;0.48527268871011564;0.48520031619037896;;;;;;;;;;;;;;;;;;;;;;
alpha = 0,998;57000;8.066785799997888;0.00014130977048787616;0.4841426053589286;0.4840492078698484;;;;;;;;;;;;;;;;;;;;;;
alpha = 0,998;57500;8.114151699999638;0.00013990231388033553;0.4820223276772983;0.4820223276772983;;;;;;;;;;;;;;;;;;;;;;
alpha = 0,998;58000;8.168324999998731;0.00013850887565308996;0.47963239383278766;0.47963239383278766;;;;;;;;;;;;;;;;;;;;;;
alpha = 0,998;58500;8.21336539999902;0.00013712931618195144;0.4786688864584833;0.4786688864584833;;;;;;;;;;;;;;;;;;;;;;
alpha = 0,998;59000;8.259284699997806;0.00013576349723339986;0.4778400215525985;0.4777020730154381;;;;;;;;;;;;;;;;;;;;;;
alpha = 0,998;59500;8.309010599998146;0.00013441128195073215;0.47641553134955705;0.47631596218886296;;;;;;;;;;;;;;;;;;;;;;
alpha = 0,998;60000;8.359398199998395;0.0001330725348403489;0.4764284291049732;0.47626807427726936;11.914285714285715;3.238795442501324;18;1;2.4195402298850577;45.142857142857146;2.6914352309564267;10.16;13.23;0.7679516250944822;9.38888888888889;12.568345323741006;1.4655854510850175;11;86.25452422650322;784.8666666666667;697;-0.8422339991846718;84.5957011258956;0;0;0
alpha = 0,998;60500;8.542450400000234;0.00013174712175817777;0.474947706510632;0.4740637387153599;;;;;;;;;;;;;;;;;;;;;;
alpha = 0,998;61000;8.593200499999512;0.0001304349098962321;0.4740394397346912;0.4739788734622601;;;;;;;;;;;;;;;;;;;;;;
alpha = 0,998;61500;8.642958999997063;0.00012913576776930343;0.4719010531482653;0.4719010531482653;;;;;;;;;;;;;;;;;;;;;;
alpha = 0,998;62000;8.690020199999708;0.00012784956520178647;0.47220199115044303;0.4714222441409001;;;;;;;;;;;;;;;;;;;;;;
alpha = 0,998;62500;8.749266099999659;0.0001265761733146353;0.47068278687601417;0.47068278687601417;;;;;;;;;;;;;;;;;;;;;;
alpha = 0,998;63000;8.797178799999529;0.00012531546451244972;0.4693662741193576;0.46930743806377495;;;;;;;;;;;;;;;;;;;;;;
alpha = 0,998;63500;8.892609200000152;0.0001240673124706898;0.468613225067657;0.4683488147328859;;;;;;;;;;;;;;;;;;;;;;
alpha = 0,998;64000;8.939151099999435;0.00012283159212301813;0.4660371773576899;0.4660371773576899;;;;;;;;;;;;;;;;;;;;;;
alpha = 0,998;64500;9.00261859999955;0.00012160817964876809;0.46469571389172293;0.4646849039638952;;;;;;;;;;;;;;;;;;;;;;
alpha = 0,998;65000;9.046589899997343;0.00012039695246053675;0.46429918574530793;0.46420463126808487;11.914285714285715;3.047916652135906;17;1;2.3505747126436782;44.0;2.596959989162031;10.4;13.05;0.7969348659003831;9.583333333333334;12.517985611510792;1.4077269761556095;11;86.39188517641556;775.8666666666667;695;-0.8931920097839381;84.9539406345957;0;0;0
alpha = 0,998;65500;9.092411199999333;0.00011919778919190152;0.4641088501399246;0.4641088501399246;;;;;;;;;;;;;;;;;;;;;;
alpha = 0,998;66000;9.140713199998572;0.00011801056968525905;0.4633885698841023;0.4633885698841023;;;;;;;;;;;;;;;;;;;;;;
alpha = 0,998;66500;9.187434899999062;0.00011683517497978536;0.4628628739867763;0.4627499737655017;;;;;;;;;;;;;;;;;;;;;;
alpha = 0,998;67000;9.233523299997614;0.00011567148729951577;0.46227582604040585;0.46225194340649256;;;;;;;;;;;;;;;;;;;;;;
alpha = 0,998;67500;9.323413199999777;0.00011451939004154362;0.4616838781260273;0.4614774011434939;;;;;;;;;;;;;;;;;;;;;;
alpha = 0,998;68000;9.384738599997945;0.00011337876776433655;0.46145589074899596;0.46145589074899596;;;;;;;;;;;;;;;;;;;;;;
alpha = 0,998;68500;9.433090899998206;0.000112249506176169;0.4609994646943707;0.4609994646943707;;;;;;;;;;;;;;;;;;;;;;
alpha = 0,998;69000;9.478611899998214;0.00011113149212367024;0.4585532040894986;0.4585532040894986;;;;;;;;;;;;;;;;;;;;;;
alpha = 0,998;69500;9.527287900000374;0.00011002461358048608;0.45740278443291016;0.45740278443291016;;;;;;;;;;;;;;;;;;;;;;
alpha = 0,998;70000;9.57606769999984;0.00010892875963605379;0.45539891689651313;0.45539891689651313;11.914285714285715;3.049790892798377;17;1;2.2241379310344827;42.285714285714285;2.5616420545025704;10.306666666666667;13.12;0.785569105691057;9.555555555555555;12.525179856115107;1.3117345374562972;11;86.54046615132349;766.1166666666667;694;-0.8438646555238484;86.28454452405322;0;0;0
alpha = 0,998;70500;9.622621499998786;0.00010784382048448874;0.45495955323459425;0.45495955323459425;;;;;;;;;;;;;;;;;;;;;;
alpha = 0,998;71000;9.671006299999135;0.00010676968741358164;0.4518170732452981;0.4517863670016952;;;;;;;;;;;;;;;;;;;;;;
alpha = 0,998;71500;9.71670129999984;0.00010570625279390554;0.4508176668882632;0.45063519811849373;;;;;;;;;;;;;;;;;;;;;;
alpha = 0,998;72000;9.802030599999853;0.00010465341006803114;0.45121451656029354;0.45063519811849373;;;;;;;;;;;;;;;;;;;;;;
alpha = 0,998;72500;9.8548480999998;0.00010361105373984967;0.450559424997314;0.450559424997314;;;;;;;;;;;;;;;;;;;;;;
alpha = 0,998;73000;9.901867000000493;0.00010257907936400205;0.44877003865468257;0.44862777667265796;;;;;;;;;;;;;;;;;;;;;;
alpha = 0,998;73500;9.94848379999894;0.00010155738353541327;0.44847211402374604;0.44847211402374604;;;;;;;;;;;;;;;;;;;;;;
alpha = 0,998;74000;10.011094299999968;0.0001005458638789312;0.4472710828926558;0.4472506120635872;;;;;;;;;;;;;;;;;;;;;;
alpha = 0,998;74500;10.062753999998677;9.95444190390684e-05;0.4471284524862087;0.4470755892927619;;;;;;;;;;;;;;;;;;;;;;
alpha = 0,998;75000;10.111487699999998;9.85529486698461e-05;0.4464836467053602;0.4464836467053602;11.914285714285715;3.0139810272549927;17;2;2.2126436781609193;41.142857142857146;2.503194966719675;10.346666666666666;13.09;0.7904252610134962;9.472222222222221;12.546762589928058;1.253585800056763;10;86.57849254474617;763.6166666666667;694;-0.9290664492458215;86.18219037871033;0;0;0
alpha = 0,998;75500;10.210258099999919;9.75713534247396e-05;0.4467587449576452;0.44645976407144683;;;;;;;;;;;;;;;;;;;;;;
alpha = 0,998;76000;10.273428199998307;9.659953494672352e-05;0.44590509885398083;0.4452729104669018;;;;;;;;;;;;;;;;;;;;;;
alpha = 0,998;76500;10.3203125;9.56373958584162e-05;0.4458524700800509;0.4452729104669018;;;;;;;;;;;;;;;;;;;;;;
alpha = 0,998;77000;10.365956599998754;9.468483975232264e-05;0.4455497221522121;0.4452729104669018;;;;;;;;;;;;;;;;;;;;;;
alpha = 0,998;77500;10.507167199997639;9.37417711811741e-05;0.4432984151435033;0.4432984151435031;;;;;;;;;;;;;;;;;;;;;;
alpha = 0,998;78000;10.556908299997303;9.280809564836425e-05;0.4432558951783582;0.44316718825239443;;;;;;;;;;;;;;;;;;;;;;
alpha = 0,998;78500;10.611660999999003;9.188371959848056e-05;0.44204072919826237;0.44204072919826237;;;;;;;;;;;;;;;;;;;;;;
alpha = 0,998;79000;10.713789299999917;9.096855040792987e-05;0.4414082011400472;0.4414082011400472;;;;;;;;;;;;;;;;;;;;;;
alpha = 0,998;79500;10.760330199998862;9.006249637565745e-05;0.44107844205182833;0.4409928362693119;;;;;;;;;;;;;;;;;;;;;;
alpha = 0,998;80000;10.812351299999136;8.916546671395831e-05;0.44092166169290753;0.4405433336305562;11.914285714285715;2.9892323770629865;17;2;2.1436781609195403;41.142857142857146;2.448572009725213;10.346666666666666;13.09;0.7904252610134962;9.38888888888889;12.568345323741006;1.2472495523909741;10;86.57849254474617;763.6166666666667;694;-1.0089686098654709;86.59160696008189;0;0;0
alpha = 0,998;80500;10.874154699999053;8.827737153938034e-05;0.441015789712792;0.44048650097461073;;;;;;;;;;;;;;;;;;;;;;
alpha = 0,998;81000;10.923567499998171;8.739812186371776e-05;0.44033374388139235;0.4402586841748076;;;;;;;;;;;;;;;;;;;;;;
alpha = 0,998;81500;10.977840999999898;8.652762958509443e-05;0.4400991963039035;0.4400991963039035;;;;;;;;;;;;;;;;;;;;;;
alpha = 0,998;82000;11.030429899998126;8.566580747913595e-05;0.4380577521793366;0.4374976068932539;;;;;;;;;;;;;;;;;;;;;;
alpha = 0,998;82500;11.106700199998158;8.481256919022969e-05;0.43744882387862694;0.43736448825558094;;;;;;;;;;;;;;;;;;;;;;
alpha = 0,998;83000;11.155694699999003;8.396782922287175e-05;0.4371246593924362;0.4371246593924362;;;;;;;;;;;;;;;;;;;;;;
alpha = 0,998;83500;11.209722699997656;8.313150293310035e-05;0.43695902976689727;0.4367187106190653;;;;;;;;;;;;;;;;;;;;;;
alpha = 0,998;84000;11.259611199999199;8.230350652001427e-05;0.43629499666866794;0.43629499666866794;;;;;;;;;;;;;;;;;;;;;;
alpha = 0,998;84500;11.346038100000442;8.148375701737606e-05;0.43601021329868966;0.43601021329868966;;;;;;;;;;;;;;;;;;;;;;
alpha = 0,998;85000;11.413209199999983;8.067217228529852e-05;0.43544653062891137;0.4353987653610847;11.914285714285715;2.981576079587329;17;2;2.0977011494252875;37.714285714285715;2.3992021298245296;10.333333333333334;13.1;0.7888040712468194;9.277777777777779;12.597122302158274;1.2473043127603456;10;86.67429107650801;757.3666666666667;693;-1.1027313493681206;87.10337768679632;0;0;0
alpha = 0,998;85500;11.466879999999946;7.986867100201434e-05;0.4356828335294268;0.4353987653610847;;;;;;;;;;;;;;;;;;;;;;
alpha = 0,998;86000;11.581534799999645;7.907317265572753e-05;0.4354316015136048;0.4353987653610847;;;;;;;;;;;;;;;;;;;;;;
alpha = 0,998;86500;11.656643899998016;7.8285597536546e-05;0.4342132137249413;0.4340869769456851;;;;;;;;;;;;;;;;;;;;;;
alpha = 0,998;87000;11.713498299999628;7.750586672849454e-05;0.4337927601630534;0.4337757011388296;;;;;;;;;;;;;;;;;;;;;;
alpha = 0,998;87500;11.777388999998948;7.673390210160737e-05;0.43249865790639486;0.43249865790639486;;;;;;;;;;;;;;;;;;;;;;
alpha = 0,998;88000;11.834696899997653;7.596962630409947e-05;0.43212434782208753;0.43212434782208753;;;;;;;;;;;;;;;;;;;;;;
alpha = 0,998;88500;11.903352499997709;7.521296275461566e-05;0.4316754495426244;0.4316754495426244;;;;;;;;;;;;;;;;;;;;;;
alpha = 0,998;89000;12.02276019999772;7.44638356345573e-05;0.4302821099786112;0.4302821099786112;;;;;;;;;;;;;;;;;;;;;;
alpha = 0,998;89500;12.083745399999316;7.372216988048499e-05;0.42999266666393177;0.42994490139610503;;;;;;;;;;;;;;;;;;;;;;
alpha = 0,998;90000;12.139321499998914;7.298789117659717e-05;0.4300086388230355;0.42994490139610503;11.914285714285715;2.962348764761103;17;2;2.074712643678161;37.142857142857146;2.372244283881103;10.333333333333334;13.1;0.7888040712468194;9.277777777777779;12.597122302158274;1.1861159788827451;10;86.67429107650801;757.3666666666667;693;-1.1691805951895637;87.71750255885364;0;0;0
alpha = 0,998;90500;12.211194199997408;7.226092594728365e-05;0.4298481053173292;0.4298481053173292;;;;;;;;;;;;;;;;;;;;;;
alpha = 0,998;91000;12.25914499999999;7.15412013497532e-05;0.4297011975102194;0.4297011975102194;;;;;;;;;;;;;;;;;;;;;;
alpha = 0,998;91500;12.309347399997932;7.082864526673454e-05;0.42943214570838495;0.42943214570838495;;;;;;;;;;;;;;;;;;;;;;
alpha = 0,998;92000;12.478986999998597;7.012318629925027e-05;0.4280230605236247;0.42799576608486656;;;;;;;;;;;;;;;;;;;;;;
alpha = 0,998;92500;12.563799199997447;6.942475375946244e-05;0.42725473926241053;0.42725473926241053;;;;;;;;;;;;;;;;;;;;;;
alpha = 0,998;93000;12.659122999997635;6.873327766358965e-05;0.427144829748519;0.427077344596671;;;;;;;;;;;;;;;;;;;;;;
alpha = 0,998;93500;12.710207299998729;6.804868872489455e-05;0.42602539462556976;0.42602539462556976;;;;;;;;;;;;;;;;;;;;;;
alpha = 0,998;94000;12.758527899997716;6.737091834674122e-05;0.4254201263480628;0.42542012634806287;;;;;;;;;;;;;;;;;;;;;;
alpha = 0,998;94500;12.809846199997992;6.669989861572172e-05;0.425327416688869;0.425327416688869;;;;;;;;;;;;;;;;;;;;;;
alpha = 0,998;95000;12.857630999998946;6.603556229485109e-05;0.4247431156068196;0.4247431156068196;11.914285714285715;2.9777405487231765;17;2;2.074712643678161;36.57142857142857;2.340415439393895;10.32;13.11;0.7871853546910755;9.13888888888889;12.633093525179856;1.1650254668896594;11;86.90921385311931;742.1166666666667;690;-1.1626579698328576;87.61514841351075;0;0;0
alpha = 0,998;95500;12.95706699999937;6.537784281683013e-05;0.4246858658695061;0.4246619832355927;;;;;;;;;;;;;;;;;;;;;;
alpha = 0,998;96000;13.007939999999508;6.47266742773752e-05;0.4232121589132158;0.4232121589132158;;;;;;;;;;;;;;;;;;;;;;
alpha = 0,998;96500;13.055031799998687;6.408199142861466e-05;0.4190481077349749;0.4190481077349749;;;;;;;;;;;;;;;;;;;;;;
alpha = 0,998;97000;13.102429099999426;6.344372967255085e-05;0.4178246256878018;0.4178246256878018;;;;;;;;;;;;;;;;;;;;;;
alpha = 0,998;97500;13.146863300000405;6.281182505458733e-05;0.4178928617846971;0.4178246256878018;;;;;;;;;;;;;;;;;;;;;;
alpha = 0,998;98000;13.189660699998058;6.218621425712058e-05;0.4179096835171976;0.4176649196967737;;;;;;;;;;;;;;;;;;;;;;
alpha = 0,998;98500;13.235431499997503;6.156683459319543e-05;0.4179880083509673;0.4176649196967737;;;;;;;;;;;;;;;;;;;;;;
alpha = 0,998;99000;13.284724199998891;6.0953624000223804e-05;0.41752899324818293;0.4174930139666142;;;;;;;;;;;;;;;;;;;;;;
alpha = 0,998;99500;13.363706500000262;6.034652103376599e-05;0.41756684109656705;0.41748122798035625;;;;;;;;;;;;;;;;;;;;;;
alpha = 0,998;100000;13.411321499999758;5.9745464861373785e-05;0.4169479182551874;0.416815608811289;11.914285714285715;2.8522815786807643;17;3;2.0402298850574714;35.42857142857143;2.2846024946542007;10.36;13.08;0.7920489296636085;9.38888888888889;12.568345323741006;1.1289994288759826;10;87.06720857630911;731.8666666666667;689;-1.173257236037505;87.97338792221085;0;0;0
alpha = 0,998;100500;13.462287399997876;5.9150395256495036e-05;0.4167206724869423;0.41665584819489176;;;;;;;;;;;;;;;;;;;;;;
alpha = 0,998;101000;13.505971299997327;5.856125259243887e-05;0.4165218382210597;0.4165218382210597;;;;;;;;;;;;;;;;;;;;;;
alpha = 0,998;101500;13.551739399998041;5.7977977836401e-05;0.41606192690204075;0.41606192690204075;;;;;;;;;;;;;;;;;;;;;;
alpha = 0,998;102000;13.619751700000052;5.74005125435486e-05;0.4153118889977203;0.4153118889977203;;;;;;;;;;;;;;;;;;;;;;
alpha = 0,998;102500;13.665870799999539;5.682879885116405e-05;0.4147095415131199;0.4147095415131199;;;;;;;;;;;;;;;;;;;;;;
alpha = 0,998;103000;13.709283899999718;5.626277947284703e-05;0.4145713006274816;0.4145713006274816;;;;;;;;;;;;;;;;;;;;;;
alpha = 0,998;103500;13.795769399999699;5.570239769277433e-05;0.41449934206434424;0.41449934206434424;;;;;;;;;;;;;;;;;;;;;;
alpha = 0,998;104000;13.848744999999326;5.5147597360016886e-05;0.4145859535624079;0.4144061617270909;;;;;;;;;;;;;;;;;;;;;;
alpha = 0,998;104500;13.8963705999995;5.4598322882913374e-05;0.41427798022620316;0.41427798022620316;;;;;;;;;;;;;;;;;;;;;;
alpha = 0,998;105000;13.946622999999818;5.405451922349985e-05;0.41443588037800905;0.41427798022620316;11.914285714285715;2.882176048667084;17;3;1.9942528735632183;33.714285714285715;2.257084756949737;10.32;13.11;0.7871853546910755;9.25;12.60431654676259;1.1288784279186794;10;87.06720857630911;731.8666666666667;689;-1.2380758255197717;88.07574206755373;0;0;0
alpha = 0,998;105500;14.000772100000177;5.351613189199489e-05;0.41431566758176597;0.41427798022620316;;;;;;;;;;;;;;;;;;;;;;
alpha = 0,998;106000;14.046305099996971;5.298310694133965e-05;0.41376523299839324;0.41376523299839324;;;;;;;;;;;;;;;;;;;;;;
alpha = 0,998;106500;14.090881000000081;5.2455390961792303e-05;0.4137004087063427;0.4137004087063427;;;;;;;;;;;;;;;;;;;;;;
alpha = 0,998;107000;14.139899399997375;5.193293107557633e-05;0.41367045423957793;0.4135203348264084;;;;;;;;;;;;;;;;;;;;;;
alpha = 0,998;107500;14.191370900000038;5.1415674931582074e-05;0.4135770640117307;0.4135203348264084;;;;;;;;;;;;;;;;;;;;;;
alpha = 0,998;108000;14.281735199998366;5.090357070012113e-05;0.4134185627685478;0.4134185627685478;;;;;;;;;;;;;;;;;;;;;;
alpha = 0,998;108500;14.323556199997256;5.039656706773292e-05;0.4132166448479412;0.4132166448479412;;;;;;;;;;;;;;;;;;;;;;
alpha = 0,998;109000;14.46408270000029;4.989461323204305e-05;0.4131723839262326;0.4131673290083908;;;;;;;;;;;;;;;;;;;;;;
alpha = 0,998;109500;14.510783800000354;4.939765889667281e-05;0.41239478205281377;0.41239478205281377;;;;;;;;;;;;;;;;;;;;;;
alpha = 0,998;110000;14.57141319999937;4.890565426619947e-05;0.41178212609999953;0.41178212609999953;11.92;2.8773797604268863;17;3;2.028735632183908;33.714285714285715;2.261715329597103;10.36;13.09;0.7914438502673796;9.25;12.611510791366907;1.1216553770131272;10;87.20260743886972;723.1166666666667;688;-1.3607827150428047;87.76867963152507;0;0;0
alpha = 0,998;110500;14.617470799999865;4.841855004116667e-05;0.4116844602481638;0.4116844602481638;;;;;;;;;;;;;;;;;;;;;;
alpha = 0,998;111000;14.707279299997026;4.793629741314458e-05;0.4113177549850743;0.4113177549850743;;;;;;;;;;;;;;;;;;;;;;
alpha = 0,998;111500;14.759455699997488;4.745884805983923e-05;0.4113630402739588;0.41115595399988364;;;;;;;;;;;;;;;;;;;;;;
alpha = 0,998;112000;14.814177299998846;4.698615414025057e-05;0.41013954139660685;0.41013954139660685;;;;;;;;;;;;;;;;;;;;;;
alpha = 0,998;112500;14.861271599998872;4.651816828987874e-05;0.4096572683187729;0.40962315027032536;;;;;;;;;;;;;;;;;;;;;;
alpha = 0,998;113000;14.912131499997486;4.6054843615978056e-05;0.4094933332160264;0.4094691399207157;;;;;;;;;;;;;;;;;;;;;;
alpha = 0,998;113500;14.962495199997647;4.559613369285834e-05;0.40955864647335594;0.4094691399207157;;;;;;;;;;;;;;;;;;;;;;
alpha = 0,998;114000;15.012849200000346;4.514199255723301e-05;0.409066952114;0.4090362458703971;;;;;;;;;;;;;;;;;;;;;;
alpha = 0,998;114500;15.058730499997182;4.4692374703613486e-05;0.40905485546634457;0.4090362458703971;;;;;;;;;;;;;;;;;;;;;;
alpha = 0,998;115000;15.108543099999224;4.424723507974948e-05;0.4092312354968169;0.4090362458703971;11.914285714285715;2.9078360002038686;17;3;2.0517241379310347;34.285714285714285;2.249209807019702;10.266666666666667;13.15;0.7807351077313055;9.194444444444445;12.618705035971223;1.1216553770131272;10;87.33067493723232;714.8666666666667;687;-1.409294741133306;87.71750255885364;0;0;0
alpha = 0,998;115500;15.211473499999556;4.3806529082114736e-05;0.4089968547839836;0.4088774416144169;;;;;;;;;;;;;;;;;;;;;;
alpha = 0,998;116000;15.265402900000481;4.3370212551437666e-05;0.40847126415233903;0.40847126415233903;;;;;;;;;;;;;;;;;;;;;;
alpha = 0,998;116500;15.318763399998716;4.293824176827657e-05;0.4083137300558294;0.4083137300558294;;;;;;;;;;;;;;;;;;;;;;
alpha = 0,998;117000;15.366066299997328;4.251057344863888e-05;0.40824549395893406;0.40824549395893406;;;;;;;;;;;;;;;;;;;;;;
alpha = 0,998;117500;15.430366499997035;4.2087164739644044e-05;0.408037497988255;0.408037497988255;;;;;;;;;;;;;;;;;;;;;;
alpha = 0,998;118000;15.484820099998615;4.1667973215229636e-05;0.406620916468138;0.406620916468138;;;;;;;;;;;;;;;;;;;;;;
alpha = 0,998;118500;15.532501800000318;4.12529568719002e-05;0.4065000026015103;0.4065000026015103;;;;;;;;;;;;;;;;;;;;;;
alpha = 0,998;119000;15.626571699998749;4.084207412451844e-05;0.4064212140994915;0.4063532949931855;;;;;;;;;;;;;;;;;;;;;;
alpha = 0,998;119500;15.69283059999725;4.043528380213837e-05;0.40614243311417514;0.40602984355429794;;;;;;;;;;;;;;;;;;;;;;
alpha = 0,998;120000;15.746337499997026;4.003254514387989e-05;0.40590902200420703;0.405895374784828;11.92;2.9168280227476067;17;3;2.0344827586206895;34.857142857142854;2.2161388046916923;10.293333333333333;13.14;0.7833587011669203;9.055555555555555;12.661870503597122;1.1142629219186222;10;87.33067493723232;714.8666666666667;687;-1.4883815735833672;87.61514841351075;0;0;0
alpha = 0,998;120500;15.79686799999763;3.963381779484455e-05;0.4057589025910375;0.4057589025910375;;;;;;;;;;;;;;;;;;;;;;
alpha = 0,998;121000;15.850613799997518;3.9239061802071905e-05;0.40534843348461747;0.40534843348461747;;;;;;;;;;;;;;;;;;;;;;
alpha = 0,998;121500;15.899339299998246;3.884823761053619e-05;0.4051815379236321;0.4051815379236321;;;;;;;;;;;;;;;;;;;;;;
alpha = 0,998;122000;15.94547859999875;3.8461306059182856e-05;0.4045306008609392;0.4045306008609392;;;;;;;;;;;;;;;;;;;;;;
alpha = 0,998;122500;16.000894099997822;3.807822837700458e-05;0.4045007458868482;0.4045007458868482;;;;;;;;;;;;;;;;;;;;;;
alpha = 0,998;123000;16.092247900000075;3.769896617915638e-05;0.4041807895456142;0.4041807895456142;;;;;;;;;;;;;;;;;;;;;;
alpha = 0,998;123500;16.146062599997094;3.73234814631094e-05;0.4041558268727713;0.4041558268727713;;;;;;;;;;;;;;;;;;;;;;
alpha = 0,998;124000;16.197155699999712;3.6951736604843004e-05;0.40364307511409897;0.40364307511409897;;;;;;;;;;;;;;;;;;;;;;
alpha = 0,998;124500;16.24546029999692;3.658369435507479e-05;0.40360438194796033;0.40360438194796033;;;;;;;;;;;;;;;;;;;;;;
alpha = 0,998;125000;16.299766299998737;3.6219317835528214e-05;0.4033427067963691;0.4033427067963691;11.914285714285715;2.9196029923010185;16;3;2.0114942528735633;34.285714285714285;2.1919891915024565;10.253333333333334;13.16;0.7791286727456941;9.0;12.66906474820144;1.0918478305121984;10;87.33067493723232;714.8666666666667;687;-1.5242560130452507;88.12691914022518;0;0;0
alpha = 0,998;125500;16.43193219999739;3.5858570535237314e-05;0.40340753108841954;0.4033427067963691;;;;;;;;;;;;;;;;;;;;;;
alpha = 0,998;126000;16.483545399998548;3.550141630688825e-05;0.4033130621592109;0.4033130621592109;;;;;;;;;;;;;;;;;;;;;;
alpha = 0,998;126500;16.57562289999987;3.514781936319733e-05;0.4033130621592109;0.40328886886390025;;;;;;;;;;;;;;;;;;;;;;
alpha = 0,998;127000;16.627900899999077;3.479774427332503e-05;0.4033215288818975;0.4031970607944889;;;;;;;;;;;;;;;;;;;;;;
alpha = 0,998;127500;16.680242700000235;3.445115595932588e-05;0.4033631471616997;0.4031970607944889;;;;;;;;;;;;;;;;;;;;;;
alpha = 0,998;128000;16.73192559999734;3.410801969263351e-05;0.4033014240130966;0.4031970607944889;;;;;;;;;;;;;;;;;;;;;;
alpha = 0,998;128500;16.780129699996905;3.3768301090580845e-05;0.40325911008711735;0.4031970607944889;;;;;;;;;;;;;;;;;;;;;;
alpha = 0,998;129000;16.83018009999796;3.343196611295495e-05;0.4032386392580488;0.4031970607944889;;;;;;;;;;;;;;;;;;;;;;
alpha = 0,998;129500;16.88144249999823;3.3098981058586115e-05;0.4031089906739478;0.4030851080400345;;;;;;;;;;;;;;;;;;;;;;
alpha = 0,998;130000;16.9256306999996;3.276931256197097e-05;0.4031089906739478;0.4030851080400345;11.914285714285715;2.9313227494127103;16;3;2.0114942528735633;33.714285714285715;2.1858118302253544;10.253333333333334;13.16;0.7791286727456941;8.944444444444445;12.683453237410072;1.0993288897881999;10;87.33067493723232;714.8666666666667;687;-1.5580921320831636;88.07574206755373;0;0;0
alpha = 0,998;130500;17.025400599999557;3.244292758992923e-05;0.40306336705149537;0.40306336705149537;;;;;;;;;;;;;;;;;;;;;;
alpha = 0,998;131000;17.073360099999263;3.211979343829373e-05;0.40306336705149537;0.40306336705149537;;;;;;;;;;;;;;;;;;;;;;
alpha = 0,998;131500;17.121883699997852;3.17998777286334e-05;0.40306240755342226;0.40306240755342226;;;;;;;;;;;;;;;;;;;;;;
alpha = 0,998;132000;17.17456029999812;3.1483148405008954e-05;0.4028953532408803;0.40287147060696704;;;;;;;;;;;;;;;;;;;;;;
alpha = 0,998;132500;17.21837229999801;3.116957373076083e-05;0.4026341206112035;0.4026341206112035;;;;;;;;;;;;;;;;;;;;;;
alpha = 0,998;133000;17.262089699997887;3.0859122285329124e-05;0.4026341206112035;0.4026341206112035;;;;;;;;;;;;;;;;;;;;;;
alpha = 0,998;133500;17.308277899999666;3.05517629611052e-05;0.4025849092491511;0.4025728126014957;;;;;;;;;;;;;;;;;;;;;;
alpha = 0,998;134000;17.35509319999983;3.024746496031472e-05;0.40241918251301617;0.4023990286745368;;;;;;;;;;;;;;;;;;;;;;
alpha = 0,998;134500;17.40476579999813;2.9946197791931614e-05;0.4023100047579838;0.4023100047579838;;;;;;;;;;;;;;;;;;;;;;
alpha = 0,998;135000;17.505627799997455;2.964793126862289e-05;0.40239529987910283;0.4023100047579838;11.914285714285715;2.9156859381277536;16;3;1.9310344827586208;33.142857142857146;2.1867691859925342;10.28;13.14;0.7823439878234398;8.972222222222221;12.676258992805755;1.099391018070472;10;87.33067493723232;714.8666666666667;687;-1.6347329800244599;88.33162743091096;0;0;0
alpha = 0,998;135500;17.55203590000019;2.9352635503723785e-05;0.40223931635431687;0.40223931635431687;;;;;;;;;;;;;;;;;;;;;;
alpha = 0,998;136000;17.607802499998797;2.9060280908243125e-05;0.4022396270157142;0.40223931635431687;;;;;;;;;;;;;;;;;;;;;;
alpha = 0,998;136500;17.671315899999172;2.8770838187898443e-05;0.4020313011906404;0.4020313011906404;;;;;;;;;;;;;;;;;;;;;;
alpha = 0,998;137000;17.75455619999775;2.8484278340180667e-05;0.4019230829336811;0.4019230829336811;;;;;;;;;;;;;;;;;;;;;;
alpha = 0,998;137500;17.846843600000284;2.820057265144803e-05;0.4018065373217523;0.4017690074684599;;;;;;;;;;;;;;;;;;;;;;
alpha = 0,998;138000;18.0065840999996;2.7919692694048942e-05;0.4018072550256876;0.4017690074684599;;;;;;;;;;;;;;;;;;;;;;
alpha = 0,998;138500;18.088054599997122;2.764161032347348e-05;0.40155494133857195;0.40155494133857195;;;;;;;;;;;;;;;;;;;;;;
alpha = 0,998;139000;18.161016899997776;2.7366297675533307e-05;0.40150813319969203;0.40150813319969203;;;;;;;;;;;;;;;;;;;;;;
alpha = 0,998;139500;18.253165599999193;2.7093727163569606e-05;0.4012399450998086;0.4012399450998086;;;;;;;;;;;;;;;;;;;;;;
alpha = 0,998;140000;18.38695209999787;2.682387147568891e-05;0.4010983818953274;0.4010983818953274;11.914285714285715;2.8301582850376668;16;3;1.8620689655172413;33.714285714285715;2.1826185196761543;10.32;13.11;0.7871853546910755;9.222222222222221;12.611510791366907;1.0766029136847646;10;87.33067493723232;714.8666666666667;687;-1.638401956787607;87.76867963152507;0;0;0
alpha = 0,998;140500;18.54987110000002;2.655670357202638e-05;0.4007891443732444;0.4007891443732444;;;;;;;;;;;;;;;;;;;;;;
alpha = 0,998;141000;18.60405819999869;2.6292196682036395e-05;0.4007891443732444;0.4007891443732444;;;;;;;;;;;;;;;;;;;;;;
alpha = 0,998;141500;18.659939099998155;2.6030324301810114e-05;0.4006292632698706;0.4006292632698706;;;;;;;;;;;;;;;;;;;;;;
alpha = 0,998;142000;18.717670899997756;2.577106019141973e-05;0.4004850657313426;0.4004850657313427;;;;;;;;;;;;;;;;;;;;;;
alpha = 0,998;142500;18.79171189999761;2.5514378372289233e-05;0.4002816277697665;0.4002816277697665;;;;;;;;;;;;;;;;;;;;;;
alpha = 0,998;143000;18.895076799999515;2.52602531245913e-05;0.40030582106507717;0.4002816277697665;;;;;;;;;;;;;;;;;;;;;;
alpha = 0,998;143500;18.97123819999979;2.500865898467013e-05;0.39995379587452495;0.39995379587452495;;;;;;;;;;;;;;;;;;;;;;
alpha = 0,998;144000;19.07928609999726;2.4759570742489987e-05;0.399474328646264;0.399474328646264;;;;;;;;;;;;;;;;;;;;;;
alpha = 0,998;144500;19.150160499997583;2.45129634391091e-05;0.39938862075537596;0.39938862075537596;;;;;;;;;;;;;;;;;;;;;;
alpha = 0,998;145000;19.202674199998;2.4268812364178753e-05;0.39941250338928924;0.39938862075537596;11.914285714285715;2.8098950521472563;16;3;1.8850574712643677;31.428571428571427;2.152395251320788;10.306666666666667;13.12;0.785569105691057;9.222222222222221;12.611510791366907;1.0688350225566232;10;87.33067493723232;714.8666666666667;687;-1.6119037912759886;88.07574206755373;0;0;0
alpha = 0,998;145500;19.308467499999097;2.4027093053467274e-05;0.3981732693592737;0.3981732693592737;;;;;;;;;;;;;;;;;;;;;;
alpha = 0,998;146000;19.36477229999946;2.378778128640869e-05;0.39798429994512763;0.39797540075293253;;;;;;;;;;;;;;;;;;;;;;
alpha = 0,998;146500;19.427854800000205;2.355085308367582e-05;0.3975891184652498;0.3975891184652498;;;;;;;;;;;;;;;;;;;;;;
alpha = 0,998;147000;19.622409499999776;2.331628470477748e-05;0.3975816661990711;0.3975816661990711;;;;;;;;;;;;;;;;;;;;;;
alpha = 0,998;147500;19.69143229999827;2.3084052645679677e-05;0.3975816661990711;0.3975816661990711;;;;;;;;;;;;;;;;;;;;;;
alpha = 0,998;148000;19.823154699999577;2.285413363645048e-05;0.3975884898087606;0.3975816661990711;;;;;;;;;;;;;;;;;;;;;;
alpha = 0,998;148500;19.89156489999732;2.262650463892834e-05;0.397554371760313;0.397554371760313;;;;;;;;;;;;;;;;;;;;;;
alpha = 0,998;149000;19.93373369999972;2.2401142844413643e-05;0.39755095995546824;0.39755095995546824;;;;;;;;;;;;;;;;;;;;;;
alpha = 0,998;149500;19.98027799999909;2.2178025671383232e-05;0.3975273879829523;0.39750319468764156;;;;;;;;;;;;;;;;;;;;;;
alpha = 0,998;150000;20.0301475999986;2.1957130763227733e-05;0.3975273879829523;0.39750319468764156;11.914285714285715;2.7853845958751866;16;3;1.896551724137931;30.857142857142858;2.1354630351625636;10.32;13.11;0.7871853546910755;9.25;12.60431654676259;1.0611390024473022;10;87.33067493723232;714.8666666666667;687;-1.6237260497350183;88.0245649948823;0;0;0
alpha = 0,998;150500;20.08125629999995;2.173843598601139e-05;0.39739507853905387;0.39739507853905387;;;;;;;;;;;;;;;;;;;;;;
alpha = 0,998;151000;20.12577909999891;2.152191942625422e-05;0.397025585086119;0.397025585086119;;;;;;;;;;;;;;;;;;;;;;
alpha = 0,998;151500;20.221464599999308;2.130755938873624e-05;0.3966654399989514;0.3966654399989514;;;;;;;;;;;;;;;;;;;;;;
alpha = 0,998;152000;20.299221899997065;2.10953343943236e-05;0.3966654399989514;0.3966654399989514;;;;;;;;;;;;;;;;;;;;;;
alpha = 0,998;152500;20.352884500000073;2.0885223177816337e-05;0.3965162800838549;0.3965162800838549;;;;;;;;;;;;;;;;;;;;;;
alpha = 0,998;153000;20.49752129999979;2.067720468581758e-05;0.3961287134662784;0.39610483083236514;;;;;;;;;;;;;;;;;;;;;;
alpha = 0,998;153500;20.543069199997262;2.0471258074623972e-05;0.39566024450928805;0.39566024450928805;;;;;;;;;;;;;;;;;;;;;;
alpha = 0,998;154000;20.594230999999127;2.0267362708137116e-05;0.3952899606185566;0.3952899606185566;;;;;;;;;;;;;;;;;;;;;;
alpha = 0,998;154500;20.688945999998396;2.0065498155795797e-05;0.3951833069882448;0.3951833069882448;;;;;;;;;;;;;;;;;;;;;;
alpha = 0,998;155000;20.741322399997443;1.986564419052882e-05;0.3951867187930896;0.3951833069882448;11.925714285714285;2.7836607815857835;17;3;1.8735632183908046;29.714285714285715;2.095709101109991;10.28;13.16;0.7811550151975684;9.222222222222221;12.62589928057554;1.0688989232545283;10;87.33067493723232;714.8666666666667;687;-1.6477782307378719;88.2804503582395;0;0;0
alpha = 0,998;155500;20.78796809999767;1.9667780786728234e-05;0.3952109120884003;0.3951833069882448;;;;;;;;;;;;;;;;;;;;;;
alpha = 0,998;156000;20.842818199998874;1.947188811824275e-05;0.3952109120884003;0.3951833069882448;;;;;;;;;;;;;;;;;;;;;;
alpha = 0,998;156500;20.904183299997385;1.927794655639113e-05;0.39474926649772424;0.39472538386381084;;;;;;;;;;;;;;;;;;;;;;
alpha = 0,998;157000;20.951454300000478;1.9085936667995368e-05;0.394199909469078;0.394199909469078;;;;;;;;;;;;;;;;;;;;;;
alpha = 0,998;157500;20.99890569999843;1.8895839213433464e-05;0.3942101946850814;0.394199909469078;;;;;;;;;;;;;;;;;;;;;;
alpha = 0,998;158000;21.05579829999988;1.8707635144711587e-05;0.39422229133273673;0.394199909469078;;;;;;;;;;;;;;;;;;;;;;
alpha = 0,998;158500;21.15616709999813;1.852130560355546e-05;0.3942447159361997;0.394199909469078;;;;;;;;;;;;;;;;;;;;;;
alpha = 0,998;159000;21.2026709999991;1.8336831919520707e-05;0.39423261928854436;0.394199909469078;;;;;;;;;;;;;;;;;;;;;;
alpha = 0,998;159500;21.250923699997657;1.8154195608122086e-05;0.3940859116802195;0.3940859116802195;;;;;;;;;;;;;;;;;;;;;;
alpha = 0,998;160000;21.30280119999952;1.7973378368981294e-05;0.3940859116802195;0.3940859116802195;11.925714285714285;2.7589172676606157;16;3;1.8620689655172413;28.571428571428573;2.0800396137198494;10.293333333333333;13.15;0.7827629911280101;9.25;12.618705035971223;1.084189170155876;10;87.41256467110125;709.6166666666667;686;-1.6502242152466369;88.79222108495394;0;0;0
alpha = 0,998;160500;21.36328879999928;1.7794362083993267e-05;0.3939426158767395;0.3939426158767395;;;;;;;;;;;;;;;;;;;;;;
alpha = 0,998;161000;21.41318870000032;1.7617128815510705e-05;0.3939426158767395;0.3939426158767395;;;;;;;;;;;;;;;;;;;;;;
alpha = 0,998;161500;21.460329999998066;1.7441660804546716e-05;0.3936517795728102;0.3936517795728102;;;;;;;;;;;;;;;;;;;;;;
alpha = 0,998;162000;21.51372959999935;1.726794046899534e-05;0.39332874173548227;0.39332874173548227;;;;;;;;;;;;;;;;;;;;;;
alpha = 0,998;162500;21.605271899999934;1.7095950401869788e-05;0.39335262436939566;0.39332874173548227;;;;;;;;;;;;;;;;;;;;;;
alpha = 0,998;163000;21.652442200000223;1.6925673369558265e-05;0.39312126830848626;0.39312126830848626;;;;;;;;;;;;;;;;;;;;;;
alpha = 0,998;163500;21.706216499998845;1.6757092310097106e-05;0.39294078122896237;0.39294078122896237;;;;;;;;;;;;;;;;;;;;;;
alpha = 0,998;164000;21.763605699998152;1.6590190331461185e-05;0.3925180398749236;0.3925180398749236;;;;;;;;;;;;;;;;;;;;;;
alpha = 0,998;164500;21.813224499997887;1.642495070987129e-05;0.3925248300439331;0.3925180398749236;;;;;;;;;;;;;;;;;;;;;;
alpha = 0,998;165000;21.862933099997463;1.6261356888118385e-05;0.3923860664381624;0.3923860664381624;11.925714285714285;2.818342254096278;16;3;1.8620689655172413;27.428571428571427;2.049739796963575;10.24;13.19;0.7763457164518575;9.027777777777779;12.676258992805755;1.0917852729832553;10;87.41256467110125;709.6166666666667;686;-1.6473705666530778;89.30399181166837;0;0;0
alpha = 0,998;165500;21.911779399997613;1.6099392473904565e-05;0.39206120311425874;0.39206120311425874;;;;;;;;;;;;;;;;;;;;;;
alpha = 0,998;166000;21.958266199999343;1.5939041238200518e-05;0.39160169971198877;0.39160169971198877;;;;;;;;;;;;;;;;;;;;;;
alpha = 0,998;166500;22.062203699999372;1.578028711361936e-05;0.3916153469313678;0.39160169971198877;;;;;;;;;;;;;;;;;;;;;;
alpha = 0,998;167000;22.111326099999133;1.562311419280666e-05;0.3913809662185346;0.3913809662185346;;;;;;;;;;;;;;;;;;;;;;
alpha = 0,998;167500;22.174481699999887;1.5467506726846518e-05;0.3913434363652422;0.3913434363652422;;;;;;;;;;;;;;;;;;;;;;
alpha = 0,998;168000;22.223292599999695;1.5313449123683496e-05;0.3913775544136898;0.3913434363652422;;;;;;;;;;;;;;;;;;;;;;
alpha = 0,998;168500;22.271494799999346;1.5160925946560263e-05;0.3909818523818208;0.3909818523818208;;;;;;;;;;;;;;;;;;;;;;
alpha = 0,998;169000;22.322528499997134;1.5009921912470836e-05;0.3909818523818208;0.3909818523818208;;;;;;;;;;;;;;;;;;;;;;
alpha = 0,998;169500;22.47255159999986;1.4860421890629186e-05;0.3909611729997265;0.3909611729997265;;;;;;;;;;;;;;;;;;;;;;
alpha = 0,998;170000;22.561410199999955;1.4712410900953126e-05;0.39093729036581315;0.39093729036581315;11.925714285714285;2.7795521589064727;16;3;1.8505747126436782;26.857142857142858;2.0340289765498607;10.253333333333334;13.18;0.777946383409206;9.11111111111111;12.654676258992806;1.0842521659532711;10;87.41256467110125;709.6166666666667;686;-1.6624541377904607;89.4575230296827;0;0;0
alpha = 0,998;170500;22.61507949999941;1.4565874112563282e-05;0.3907473763042318;0.3907473763042318;;;;;;;;;;;;;;;;;;;;;;
alpha = 0,998;171000;22.66440479999801;1.4420796842297027e-05;0.3907473763042318;0.3907473763042318;;;;;;;;;;;;;;;;;;;;;;
alpha = 0,998;171500;22.71080710000024;1.4277164553237204e-05;0.39072318300892106;0.39072318300892106;;;;;;;;;;;;;;;;;;;;;;
alpha = 0,998;172000;22.767036899997038;1.4134962853255513e-05;0.3905671994841351;0.3905671994841351;;;;;;;;;;;;;;;;;;;;;;
alpha = 0,998;172500;22.814880199999607;1.3994177493570404e-05;0.39059108211804844;0.3905671994841351;;;;;;;;;;;;;;;;;;;;;;
alpha = 0,998;173000;22.870452999999543;1.3854794367319331e-05;0.38984598288557093;0.38984598288557093;;;;;;;;;;;;;;;;;;;;;;
alpha = 0,998;173500;22.9203153999988;1.3716799508145222e-05;0.38972880308121627;0.38972880308121627;;;;;;;;;;;;;;;;;;;;;;
alpha = 0,998;174000;23.040520299997297;1.3580179088797039e-05;0.3896869862059452;0.3896631035720319;;;;;;;;;;;;;;;;;;;;;;
alpha = 0,998;174500;23.099059599997418;1.3444919419744273e-05;0.38959827927998136;0.38959827927998136;;;;;;;;;;;;;;;;;;;;;;
alpha = 0,998;175000;23.15329120000024;1.3311006947805228e-05;0.3896426327429633;0.38959827927998136;11.925714285714285;2.7339498226289853;16;3;1.8045977011494252;26.857142857142858;2.023906523927452;10.253333333333334;13.18;0.777946383409206;9.25;12.618705035971223;1.0766029136847646;10;87.42031813612442;709.1166666666667;686;-1.67916836526702;89.71340839303991;0;0;0
alpha = 0,998;175500;23.21818169999824;1.3178428254788987e-05;0.3896289855235842;0.38959827927998136;;;;;;;;;;;;;;;;;;;;;;
alpha = 0,998;176000;23.267182199997478;1.3047170056150882e-05;0.38950647753976203;0.38950647753976203;;;;;;;;;;;;;;;;;;;;;;
alpha = 0,998;176500;23.316509500000393;1.291721919966137e-05;0.3892689102802008;0.3892689102802008;;;;;;;;;;;;;;;;;;;;;;
alpha = 0,998;177000;23.3680846999996;1.2788562664088172e-05;0.3887787423253326;0.3887787423253326;;;;;;;;;;;;;;;;;;;;;;
alpha = 0,998;177500;23.461559600000328;1.2661187557891515e-05;0.3887787423253326;0.3887787423253326;;;;;;;;;;;;;;;;;;;;;;
alpha = 0,998;178000;23.503803299998253;1.2535081117932402e-05;0.38874248263151073;0.38874248263151073;;;;;;;;;;;;;;;;;;;;;;
alpha = 0,998;178500;23.559313800000382;1.241023070819371e-05;0.3886258901931382;0.38862247838829345;;;;;;;;;;;;;;;;;;;;;;
alpha = 0,998;179000;23.613185399997747;1.2286623818514066e-05;0.38676486325790416;0.38676486325790416;;;;;;;;;;;;;;;;;;;;;;
alpha = 0,998;179500;23.665058899998257;1.2164248063334296e-05;0.38676380165145946;0.38675803964821465;;;;;;;;;;;;;;;;;;;;;;
alpha = 0,998;180000;23.720369499998924;1.2043091180456392e-05;0.3867399190175461;0.3867399190175461;11.925714285714285;2.7108609973472957;16;3;1.793103448275862;24.0;1.9823841933066366;10.253333333333334;13.18;0.777946383409206;9.222222222222221;12.62589928057554;1.099391018070472;10;87.54122627823668;701.3666666666667;685;-1.7268650631879332;89.40634595701125;0;0;0
alpha = 0,998;180500;23.764987200000178;1.1923141029814814e-05;0.38643761286921496;0.38643761286921496;;;;;;;;;;;;;;;;;;;;;;
alpha = 0,998;181000;23.812043199999607;1.1804385592260047e-05;0.385349922330115;0.385349922330115;;;;;;;;;;;;;;;;;;;;;;
alpha = 0,998;181500;23.91027860000031;1.1686812968354261e-05;0.385349922330115;0.385349922330115;;;;;;;;;;;;;;;;;;;;;;
alpha = 0,998;182000;23.968269599998166;1.1570411377178986e-05;0.38524808739919514;0.38524808739919514;;;;;;;;;;;;;;;;;;;;;;
alpha = 0,998;182500;24.01704880000034;1.1455169155154635e-05;0.385159069811834;0.38515255686354183;;;;;;;;;;;;;;;;;;;;;;
alpha = 0,998;183000;24.074404799997865;1.134107475487181e-05;0.38513332594479965;0.38513332594479965;;;;;;;;;;;;;;;;;;;;;;
alpha = 0,998;183500;24.11920729999838;1.1228116743934229e-05;0.38513332594479965;0.38513332594479965;;;;;;;;;;;;;;;;;;;;;;
alpha = 0,998;184000;24.16258459999881;1.1116283803813194e-05;0.3849262396707245;0.3849262396707245;;;;;;;;;;;;;;;;;;;;;;
alpha = 0,998;184500;24.213739599999826;1.1005564728713456e-05;0.38449909266146554;0.38449909266146554;;;;;;;;;;;;;;;;;;;;;;
alpha = 0,998;185000;24.269199399997888;1.0895948424450385e-05;0.38443457903081246;0.38443457903081246;11.925714285714285;2.6896991714043157;16;4;1.793103448275862;25.142857142857142;1.977669351198071;10.28;13.16;0.7811550151975684;9.25;12.618705035971223;1.0842521659532711;10;87.60791633336295;697.1166666666667;684;-1.7651854871585813;89.55987717502559;0;0;0
alpha = 0,998;185500;24.460614499999792;1.0787423907338312e-05;0.3843613805573487;0.3843613805573487;;;;;;;;;;;;;;;;;;;;;;
alpha = 0,998;186000;24.51536379999743;1.067998030308996e-05;0.3843613805573487;0.3843613805573487;;;;;;;;;;;;;;;;;;;;;;
alpha = 0,998;186500;24.57129939999868;1.0573606845726815e-05;0.3842220844408281;0.38421867263598336;;;;;;;;;;;;;;;;;;;;;;
alpha = 0,998;187000;24.622579799997766;1.0468292876500379e-05;0.3841031115549114;0.3841031115549114;;;;;;;;;;;;;;;;;;;;;;
alpha = 0,998;187500;24.670346299997618;1.0364027842824132e-05;0.3840748960327094;0.3840748960327094;;;;;;;;;;;;;;;;;;;;;;
alpha = 0,998;188000;24.72535549999884;1.0260801297216168e-05;0.3839725418873665;0.3839725418873665;;;;;;;;;;;;;;;;;;;;;;
alpha = 0,998;188500;24.81034709999949;1.0158602896252324e-05;0.3838735995468684;0.38387018774202364;;;;;;;;;;;;;;;;;;;;;;
alpha = 0,998;189000;24.8580043999973;1.0057422399529783e-05;0.3838735995468684;0.38387018774202364;;;;;;;;;;;;;;;;;;;;;;
alpha = 0,998;189500;24.907453599997098;9.957249668640947e-06;0.3836637780896136;0.3836637780896136;;;;;;;;;;;;;;;;;;;;;;
alpha = 0,998;190000;24.955861299997196;9.858074666157571e-06;0.3836637780896136;0.3836637780896136;11.925714285714285;2.664083102215508;16;4;1.735632183908046;22.857142857142858;1.9653184960906738;10.306666666666667;13.14;0.7843734145104008;9.277777777777779;12.611510791366907;1.0842521659532711;10;87.60791633336295;697.1166666666667;684;-1.788830004076641;90.12282497441146;0;0;0
alpha = 0,998;190500;25.00673209999877;9.759887454624998e-06;0.3835409531152021;0.3835409531152021;;;;;;;;;;;;;;;;;;;;;;
alpha = 0,998;191000;25.06119829999807;9.662678195566417e-06;0.3835409531152021;0.3835409531152021;;;;;;;;;;;;;;;;;;;;;;
alpha = 0,998;191500;25.11079549999704;9.566437148497024e-06;0.3831839456189549;0.3831839456189549;;;;;;;;;;;;;;;;;;;;;;
alpha = 0,998;192000;25.1639961999972;9.47115466994803e-06;0.3831839456189549;0.3831839456189549;;;;;;;;;;;;;;;;;;;;;;
alpha = 0,998;192500;25.262341300000116;9.376821212500364e-06;0.3831944916948865;0.3831839456189549;;;;;;;;;;;;;;;;;;;;;;
alpha = 0,998;193000;25.32749960000001;9.283427323828008e-06;0.3831467264270598;0.3831467264270598;;;;;;;;;;;;;;;;;;;;;;
alpha = 0,998;193500;25.386364899997716;9.190963645750873e-06;0.38306670434390666;0.38306670434390666;;;;;;;;;;;;;;;;;;;;;;
alpha = 0,998;194000;25.43721579999692;9.099420913297083e-06;0.38306670434390666;0.38306670434390666;;;;;;;;;;;;;;;;;;;;;;
alpha = 0,998;194500;25.485210899998492;9.008789953774634e-06;0.38308003457269646;0.38306670434390666;;;;;;;;;;;;;;;;;;;;;;
alpha = 0,998;195000;25.535713099998247;8.919061685852256e-06;0.3830766227678517;0.38306670434390666;11.925714285714285;2.63821832272603;16;4;1.7471264367816093;21.714285714285715;1.9547246918722745;10.333333333333334;13.12;0.7876016260162603;9.305555555555555;12.60431654676259;1.0842521659532711;10;87.60791633336295;697.1166666666667;684;-1.8010599266204648;89.4575230296827;0;0;0
alpha = 0,998;195500;25.583902999998827;8.830227118649471e-06;0.3830766227678517;0.38306670434390666;;;;;;;;;;;;;;;;;;;;;;
